STRUCTURE,STRUCTURE_ID,STRUCTURE_NAME,freq,Time frequency,unit,Unit of measure,coicop,Classification of individual consumption by purpose (COICOP),geo,Geopolitical entity (reporting),TIME_PERIOD,Time,OBS_VALUE,Observation value,OBS_FLAG,Observation status (Flag) V2 structure,CONF_STATUS,Confidentiality status (flag)
dataflow,ESTAT:TEC00118(1.0),HICP - inflation rate,A,Annual,RCH_A_AVG,Annual average rate of change,CP00,All-items HICP,AL,Albania,2017,,3.2,,d,definition differs (see metadata),,
dataflow,ESTAT:TEC00118(1.0),HICP - inflation rate,A,Annual,RCH_A_AVG,Annual average rate of change,CP00,All-items HICP,AL,Albania,2018,,1.8,,d,definition differs (see metadata),,
dataflow,ESTAT:TEC00118(1.0),HICP - inflation rate,A,Annual,RCH_A_AVG,Annual average rate of change,CP00,All-items HICP,AL,Albania,2019,,1.7,,d,definition differs (see metadata),,
dataflow,ESTAT:TEC00118(1.0),HICP - inflation rate,A,Annual,RCH_A_AVG,Annual average rate of change,CP00,All-items HICP,AL,Albania,2020,,2.2,,d,definition differs (see metadata),,
dataflow,ESTAT:TEC00118(1.0),HICP - inflation rate,A,Annual,RCH_A_AVG,Annual average rate of change,CP00,All-items HICP,AL,Albania,2021,,2.3,,d,definition differs (see metadata),,
dataflow,ESTAT:TEC00118(1.0),HICP - inflation rate,A,Annual,RCH_A_AVG,Annual average rate of change,CP00,All-items HICP,AL,Albania,2022,,6.6,,d,definition differs (see metadata),,
dataflow,ESTAT:TEC00118(1.0),HICP - inflation rate,A,Annual,RCH_A_AVG,Annual average rate of change,CP00,All-items HICP,AL,Albania,2023,,5.3,,d,definition differs (see metadata),,
dataflow,ESTAT:TEC00118(1.0),HICP - inflation rate,A,Annual,RCH_A_AVG,Annual average rate of change,CP00,All-items HICP,AL,Albania,2024,,2.6,,d,definition differs (see metadata),,
dataflow,ESTAT:TEC00118(1.0),HICP - inflation rate,A,Annual,RCH_A_AVG,Annual average rate of change,CP00,All-items HICP,AT,Austria,2013,,2.1,,,,,
dataflow,ESTAT:TEC00118(1.0),HICP - inflation rate,A,Annual,RCH_A_AVG,Annual average rate of change,CP00,All-items HICP,AT,Austria,2014,,1.5,,,,,
dataflow,ESTAT:TEC00118(1.0),HICP - inflation rate,A,Annual,RCH_A_AVG,Annual average rate of change,CP00,All-items HICP,AT,Austria,2015,,0.8,,,,,
dataflow,ESTAT:TEC00118(1.0),HICP - inflation rate,A,Annual,RCH_A_AVG,Annual average rate of change,CP00,All-items HICP,AT,Austria,2016,,1.0,,,,,
dataflow,ESTAT:TEC00118(1.0),HICP - inflation rate,A,Annual,RCH_A_AVG,Annual average rate of change,CP00,All-items HICP,AT,Austria,2017,,2.2,,,,,
dataflow,ESTAT:TEC00118(1.0),HICP - inflation rate,A,Annual,RCH_A_AVG,Annual average rate of change,CP00,All-items HICP,AT,Austria,2018,,2.1,,,,,
dataflow,ESTAT:TEC00118(1.0),HICP - inflation rate,A,Annual,RCH_A_AVG,Annual average rate of change,CP00,All-items HICP,AT,Austria,2019,,1.5,,,,,
dataflow,ESTAT:TEC00118(1.0),HICP - inflation rate,A,Annual,RCH_A_AVG,Annual average rate of change,CP00,All-items HICP,AT,Austria,2020,,1.4,,,,,
dataflow,ESTAT:TEC00118(1.0),HICP - inflation rate,A,Annual,RCH_A_AVG,Annual average rate of change,CP00,All-items HICP,AT,Austria,2021,,2.8,,,,,
dataflow,ESTAT:TEC00118(1.0),HICP - inflation rate,A,Annual,RCH_A_AVG,Annual average rate of change,CP00,All-items HICP,AT,Austria,2022,,8.6,,,,,
dataflow,ESTAT:TEC00118(1.0),HICP - inflation rate,A,Annual,RCH_A_AVG,Annual average rate of change,CP00,All-items HICP,AT,Austria,2023,,7.7,,,,,
dataflow,ESTAT:TEC00118(1.0),HICP - inflation rate,A,Annual,RCH_A_AVG,Annual average rate of change,CP00,All-items HICP,AT,Austria,2024,,2.9,,,,,
dataflow,ESTAT:TEC00118(1.0),HICP - inflation rate,A,Annual,RCH_A_AVG,Annual average rate of change,CP00,All-items HICP,BE,Belgium,2013,,1.2,,,,,
dataflow,ESTAT:TEC00118(1.0),HICP - inflation rate,A,Annual,RCH_A_AVG,Annual average rate of change,CP00,All-items HICP,BE,Belgium,2014,,0.5,,,,,
dataflow,ESTAT:TEC00118(1.0),HICP - inflation rate,A,Annual,RCH_A_AVG,Annual average rate of change,CP00,All-items HICP,BE,Belgium,2015,,0.6,,,,,
dataflow,ESTAT:TEC00118(1.0),HICP - inflation rate,A,Annual,RCH_A_AVG,Annual average rate of change,CP00,All-items HICP,BE,Belgium,2016,,1.8,,,,,
dataflow,ESTAT:TEC00118(1.0),HICP - inflation rate,A,Annual,RCH_A_AVG,Annual average rate of change,CP00,All-items HICP,BE,Belgium,2017,,2.2,,,,,
dataflow,ESTAT:TEC00118(1.0),HICP - inflation rate,A,Annual,RCH_A_AVG,Annual average rate of change,CP00,All-items HICP,BE,Belgium,2018,,2.3,,,,,
dataflow,ESTAT:TEC00118(1.0),HICP - inflation rate,A,Annual,RCH_A_AVG,Annual average rate of change,CP00,All-items HICP,BE,Belgium,2019,,1.2,,,,,
dataflow,ESTAT:TEC00118(1.0),HICP - inflation rate,A,Annual,RCH_A_AVG,Annual average rate of change,CP00,All-items HICP,BE,Belgium,2020,,0.4,,,,,
dataflow,ESTAT:TEC00118(1.0),HICP - inflation rate,A,Annual,RCH_A_AVG,Annual average rate of change,CP00,All-items HICP,BE,Belgium,2021,,3.2,,,,,
dataflow,ESTAT:TEC00118(1.0),HICP - inflation rate,A,Annual,RCH_A_AVG,Annual average rate of change,CP00,All-items HICP,BE,Belgium,2022,,10.3,,,,,
dataflow,ESTAT:TEC00118(1.0),HICP - inflation rate,A,Annual,RCH_A_AVG,Annual average rate of change,CP00,All-items HICP,BE,Belgium,2023,,2.3,,,,,
dataflow,ESTAT:TEC00118(1.0),HICP - inflation rate,A,Annual,RCH_A_AVG,Annual average rate of change,CP00,All-items HICP,BE,Belgium,2024,,4.3,,,,,
dataflow,ESTAT:TEC00118(1.0),HICP - inflation rate,A,Annual,RCH_A_AVG,Annual average rate of change,CP00,All-items HICP,BG,Bulgaria,2013,,0.4,,,,,
dataflow,ESTAT:TEC00118(1.0),HICP - inflation rate,A,Annual,RCH_A_AVG,Annual average rate of change,CP00,All-items HICP,BG,Bulgaria,2014,,-1.6,,,,,
dataflow,ESTAT:TEC00118(1.0),HICP - inflation rate,A,Annual,RCH_A_AVG,Annual average rate of change,CP00,All-items HICP,BG,Bulgaria,2015,,-1.1,,,,,
dataflow,ESTAT:TEC00118(1.0),HICP - inflation rate,A,Annual,RCH_A_AVG,Annual average rate of change,CP00,All-items HICP,BG,Bulgaria,2016,,-1.3,,,,,
dataflow,ESTAT:TEC00118(1.0),HICP - inflation rate,A,Annual,RCH_A_AVG,Annual average rate of change,CP00,All-items HICP,BG,Bulgaria,2017,,1.2,,,,,
dataflow,ESTAT:TEC00118(1.0),HICP - inflation rate,A,Annual,RCH_A_AVG,Annual average rate of change,CP00,All-items HICP,BG,Bulgaria,2018,,2.6,,,,,
dataflow,ESTAT:TEC00118(1.0),HICP - inflation rate,A,Annual,RCH_A_AVG,Annual average rate of change,CP00,All-items HICP,BG,Bulgaria,2019,,2.5,,,,,
dataflow,ESTAT:TEC00118(1.0),HICP - inflation rate,A,Annual,RCH_A_AVG,Annual average rate of change,CP00,All-items HICP,BG,Bulgaria,2020,,1.2,,,,,
dataflow,ESTAT:TEC00118(1.0),HICP - inflation rate,A,Annual,RCH_A_AVG,Annual average rate of change,CP00,All-items HICP,BG,Bulgaria,2021,,2.8,,,,,
dataflow,ESTAT:TEC00118(1.0),HICP - inflation rate,A,Annual,RCH_A_AVG,Annual average rate of change,CP00,All-items HICP,BG,Bulgaria,2022,,13.0,,,,,
dataflow,ESTAT:TEC00118(1.0),HICP - inflation rate,A,Annual,RCH_A_AVG,Annual average rate of change,CP00,All-items HICP,BG,Bulgaria,2023,,8.6,,,,,
dataflow,ESTAT:TEC00118(1.0),HICP - inflation rate,A,Annual,RCH_A_AVG,Annual average rate of change,CP00,All-items HICP,BG,Bulgaria,2024,,2.6,,,,,
dataflow,ESTAT:TEC00118(1.0),HICP - inflation rate,A,Annual,RCH_A_AVG,Annual average rate of change,CP00,All-items HICP,CH,Switzerland,2013,,0.1,,,,,
dataflow,ESTAT:TEC00118(1.0),HICP - inflation rate,A,Annual,RCH_A_AVG,Annual average rate of change,CP00,All-items HICP,CH,Switzerland,2014,,0.0,,,,,
dataflow,ESTAT:TEC00118(1.0),HICP - inflation rate,A,Annual,RCH_A_AVG,Annual average rate of change,CP00,All-items HICP,CH,Switzerland,2015,,-0.8,,,,,
dataflow,ESTAT:TEC00118(1.0),HICP - inflation rate,A,Annual,RCH_A_AVG,Annual average rate of change,CP00,All-items HICP,CH,Switzerland,2016,,-0.5,,,,,
dataflow,ESTAT:TEC00118(1.0),HICP - inflation rate,A,Annual,RCH_A_AVG,Annual average rate of change,CP00,All-items HICP,CH,Switzerland,2017,,0.6,,,,,
dataflow,ESTAT:TEC00118(1.0),HICP - inflation rate,A,Annual,RCH_A_AVG,Annual average rate of change,CP00,All-items HICP,CH,Switzerland,2018,,0.9,,,,,
dataflow,ESTAT:TEC00118(1.0),HICP - inflation rate,A,Annual,RCH_A_AVG,Annual average rate of change,CP00,All-items HICP,CH,Switzerland,2019,,0.4,,,,,
dataflow,ESTAT:TEC00118(1.0),HICP - inflation rate,A,Annual,RCH_A_AVG,Annual average rate of change,CP00,All-items HICP,CH,Switzerland,2020,,-0.8,,,,,
dataflow,ESTAT:TEC00118(1.0),HICP - inflation rate,A,Annual,RCH_A_AVG,Annual average rate of change,CP00,All-items HICP,CH,Switzerland,2021,,0.5,,,,,
dataflow,ESTAT:TEC00118(1.0),HICP - inflation rate,A,Annual,RCH_A_AVG,Annual average rate of change,CP00,All-items HICP,CH,Switzerland,2022,,2.7,,,,,
dataflow,ESTAT:TEC00118(1.0),HICP - inflation rate,A,Annual,RCH_A_AVG,Annual average rate of change,CP00,All-items HICP,CH,Switzerland,2023,,2.3,,,,,
dataflow,ESTAT:TEC00118(1.0),HICP - inflation rate,A,Annual,RCH_A_AVG,Annual average rate of change,CP00,All-items HICP,CH,Switzerland,2024,,1.1,,,,,
dataflow,ESTAT:TEC00118(1.0),HICP - inflation rate,A,Annual,RCH_A_AVG,Annual average rate of change,CP00,All-items HICP,CY,Cyprus,2013,,0.4,,,,,
dataflow,ESTAT:TEC00118(1.0),HICP - inflation rate,A,Annual,RCH_A_AVG,Annual average rate of change,CP00,All-items HICP,CY,Cyprus,2014,,-0.3,,,,,
dataflow,ESTAT:TEC00118(1.0),HICP - inflation rate,A,Annual,RCH_A_AVG,Annual average rate of change,CP00,All-items HICP,CY,Cyprus,2015,,-1.5,,,,,
dataflow,ESTAT:TEC00118(1.0),HICP - inflation rate,A,Annual,RCH_A_AVG,Annual average rate of change,CP00,All-items HICP,CY,Cyprus,2016,,-1.2,,,,,
dataflow,ESTAT:TEC00118(1.0),HICP - inflation rate,A,Annual,RCH_A_AVG,Annual average rate of change,CP00,All-items HICP,CY,Cyprus,2017,,0.7,,,,,
dataflow,ESTAT:TEC00118(1.0),HICP - inflation rate,A,Annual,RCH_A_AVG,Annual average rate of change,CP00,All-items HICP,CY,Cyprus,2018,,0.8,,,,,
dataflow,ESTAT:TEC00118(1.0),HICP - inflation rate,A,Annual,RCH_A_AVG,Annual average rate of change,CP00,All-items HICP,CY,Cyprus,2019,,0.5,,,,,
dataflow,ESTAT:TEC00118(1.0),HICP - inflation rate,A,Annual,RCH_A_AVG,Annual average rate of change,CP00,All-items HICP,CY,Cyprus,2020,,-1.1,,,,,
dataflow,ESTAT:TEC00118(1.0),HICP - inflation rate,A,Annual,RCH_A_AVG,Annual average rate of change,CP00,All-items HICP,CY,Cyprus,2021,,2.3,,,,,
dataflow,ESTAT:TEC00118(1.0),HICP - inflation rate,A,Annual,RCH_A_AVG,Annual average rate of change,CP00,All-items HICP,CY,Cyprus,2022,,8.1,,,,,
dataflow,ESTAT:TEC00118(1.0),HICP - inflation rate,A,Annual,RCH_A_AVG,Annual average rate of change,CP00,All-items HICP,CY,Cyprus,2023,,3.9,,,,,
dataflow,ESTAT:TEC00118(1.0),HICP - inflation rate,A,Annual,RCH_A_AVG,Annual average rate of change,CP00,All-items HICP,CY,Cyprus,2024,,2.3,,,,,
dataflow,ESTAT:TEC00118(1.0),HICP - inflation rate,A,Annual,RCH_A_AVG,Annual average rate of change,CP00,All-items HICP,CZ,Czechia,2013,,1.4,,,,,
dataflow,ESTAT:TEC00118(1.0),HICP - inflation rate,A,Annual,RCH_A_AVG,Annual average rate of change,CP00,All-items HICP,CZ,Czechia,2014,,0.4,,,,,
dataflow,ESTAT:TEC00118(1.0),HICP - inflation rate,A,Annual,RCH_A_AVG,Annual average rate of change,CP00,All-items HICP,CZ,Czechia,2015,,0.3,,,,,
dataflow,ESTAT:TEC00118(1.0),HICP - inflation rate,A,Annual,RCH_A_AVG,Annual average rate of change,CP00,All-items HICP,CZ,Czechia,2016,,0.6,,,,,
dataflow,ESTAT:TEC00118(1.0),HICP - inflation rate,A,Annual,RCH_A_AVG,Annual average rate of change,CP00,All-items HICP,CZ,Czechia,2017,,2.4,,,,,
dataflow,ESTAT:TEC00118(1.0),HICP - inflation rate,A,Annual,RCH_A_AVG,Annual average rate of change,CP00,All-items HICP,CZ,Czechia,2018,,2.0,,,,,
dataflow,ESTAT:TEC00118(1.0),HICP - inflation rate,A,Annual,RCH_A_AVG,Annual average rate of change,CP00,All-items HICP,CZ,Czechia,2019,,2.6,,,,,
dataflow,ESTAT:TEC00118(1.0),HICP - inflation rate,A,Annual,RCH_A_AVG,Annual average rate of change,CP00,All-items HICP,CZ,Czechia,2020,,3.3,,,,,
dataflow,ESTAT:TEC00118(1.0),HICP - inflation rate,A,Annual,RCH_A_AVG,Annual average rate of change,CP00,All-items HICP,CZ,Czechia,2021,,3.3,,,,,
dataflow,ESTAT:TEC00118(1.0),HICP - inflation rate,A,Annual,RCH_A_AVG,Annual average rate of change,CP00,All-items HICP,CZ,Czechia,2022,,14.8,,,,,
dataflow,ESTAT:TEC00118(1.0),HICP - inflation rate,A,Annual,RCH_A_AVG,Annual average rate of change,CP00,All-items HICP,CZ,Czechia,2023,,12.0,,,,,
dataflow,ESTAT:TEC00118(1.0),HICP - inflation rate,A,Annual,RCH_A_AVG,Annual average rate of change,CP00,All-items HICP,CZ,Czechia,2024,,2.7,,,,,
dataflow,ESTAT:TEC00118(1.0),HICP - inflation rate,A,Annual,RCH_A_AVG,Annual average rate of change,CP00,All-items HICP,DE,Germany,2013,,1.6,,,,,
dataflow,ESTAT:TEC00118(1.0),HICP - inflation rate,A,Annual,RCH_A_AVG,Annual average rate of change,CP00,All-items HICP,DE,Germany,2014,,0.8,,,,,
dataflow,ESTAT:TEC00118(1.0),HICP - inflation rate,A,Annual,RCH_A_AVG,Annual average rate of change,CP00,All-items HICP,DE,Germany,2015,,0.7,,,,,
dataflow,ESTAT:TEC00118(1.0),HICP - inflation rate,A,Annual,RCH_A_AVG,Annual average rate of change,CP00,All-items HICP,DE,Germany,2016,,0.4,,,,,
dataflow,ESTAT:TEC00118(1.0),HICP - inflation rate,A,Annual,RCH_A_AVG,Annual average rate of change,CP00,All-items HICP,DE,Germany,2017,,1.7,,,,,
dataflow,ESTAT:TEC00118(1.0),HICP - inflation rate,A,Annual,RCH_A_AVG,Annual average rate of change,CP00,All-items HICP,DE,Germany,2018,,1.9,,,,,
dataflow,ESTAT:TEC00118(1.0),HICP - inflation rate,A,Annual,RCH_A_AVG,Annual average rate of change,CP00,All-items HICP,DE,Germany,2019,,1.4,,,,,
dataflow,ESTAT:TEC00118(1.0),HICP - inflation rate,A,Annual,RCH_A_AVG,Annual average rate of change,CP00,All-items HICP,DE,Germany,2020,,0.4,,,,,
dataflow,ESTAT:TEC00118(1.0),HICP - inflation rate,A,Annual,RCH_A_AVG,Annual average rate of change,CP00,All-items HICP,DE,Germany,2021,,3.2,,,,,
dataflow,ESTAT:TEC00118(1.0),HICP - inflation rate,A,Annual,RCH_A_AVG,Annual average rate of change,CP00,All-items HICP,DE,Germany,2022,,8.7,,,,,
dataflow,ESTAT:TEC00118(1.0),HICP - inflation rate,A,Annual,RCH_A_AVG,Annual average rate of change,CP00,All-items HICP,DE,Germany,2023,,6.0,,,,,
dataflow,ESTAT:TEC00118(1.0),HICP - inflation rate,A,Annual,RCH_A_AVG,Annual average rate of change,CP00,All-items HICP,DE,Germany,2024,,2.5,,,,,
dataflow,ESTAT:TEC00118(1.0),HICP - inflation rate,A,Annual,RCH_A_AVG,Annual average rate of change,CP00,All-items HICP,DK,Denmark,2013,,0.5,,,,,
dataflow,ESTAT:TEC00118(1.0),HICP - inflation rate,A,Annual,RCH_A_AVG,Annual average rate of change,CP00,All-items HICP,DK,Denmark,2014,,0.4,,,,,
dataflow,ESTAT:TEC00118(1.0),HICP - inflation rate,A,Annual,RCH_A_AVG,Annual average rate of change,CP00,All-items HICP,DK,Denmark,2015,,0.2,,,,,
dataflow,ESTAT:TEC00118(1.0),HICP - inflation rate,A,Annual,RCH_A_AVG,Annual average rate of change,CP00,All-items HICP,DK,Denmark,2016,,0.0,,,,,
dataflow,ESTAT:TEC00118(1.0),HICP - inflation rate,A,Annual,RCH_A_AVG,Annual average rate of change,CP00,All-items HICP,DK,Denmark,2017,,1.1,,,,,
dataflow,ESTAT:TEC00118(1.0),HICP - inflation rate,A,Annual,RCH_A_AVG,Annual average rate of change,CP00,All-items HICP,DK,Denmark,2018,,0.7,,,,,
dataflow,ESTAT:TEC00118(1.0),HICP - inflation rate,A,Annual,RCH_A_AVG,Annual average rate of change,CP00,All-items HICP,DK,Denmark,2019,,0.7,,,,,
dataflow,ESTAT:TEC00118(1.0),HICP - inflation rate,A,Annual,RCH_A_AVG,Annual average rate of change,CP00,All-items HICP,DK,Denmark,2020,,0.3,,,,,
dataflow,ESTAT:TEC00118(1.0),HICP - inflation rate,A,Annual,RCH_A_AVG,Annual average rate of change,CP00,All-items HICP,DK,Denmark,2021,,1.9,,,,,
dataflow,ESTAT:TEC00118(1.0),HICP - inflation rate,A,Annual,RCH_A_AVG,Annual average rate of change,CP00,All-items HICP,DK,Denmark,2022,,8.5,,,,,
dataflow,ESTAT:TEC00118(1.0),HICP - inflation rate,A,Annual,RCH_A_AVG,Annual average rate of change,CP00,All-items HICP,DK,Denmark,2023,,3.4,,,,,
dataflow,ESTAT:TEC00118(1.0),HICP - inflation rate,A,Annual,RCH_A_AVG,Annual average rate of change,CP00,All-items HICP,DK,Denmark,2024,,1.3,,,,,
dataflow,ESTAT:TEC00118(1.0),HICP - inflation rate,A,Annual,RCH_A_AVG,Annual average rate of change,CP00,All-items HICP,EA19,Euro area - 19 countries  (2015-2022),2013,,1.3,,,,,
dataflow,ESTAT:TEC00118(1.0),HICP - inflation rate,A,Annual,RCH_A_AVG,Annual average rate of change,CP00,All-items HICP,EA19,Euro area - 19 countries  (2015-2022),2014,,0.4,,,,,
dataflow,ESTAT:TEC00118(1.0),HICP - inflation rate,A,Annual,RCH_A_AVG,Annual average rate of change,CP00,All-items HICP,EA19,Euro area - 19 countries  (2015-2022),2015,,0.2,,,,,
dataflow,ESTAT:TEC00118(1.0),HICP - inflation rate,A,Annual,RCH_A_AVG,Annual average rate of change,CP00,All-items HICP,EA19,Euro area - 19 countries  (2015-2022),2016,,0.2,,,,,
dataflow,ESTAT:TEC00118(1.0),HICP - inflation rate,A,Annual,RCH_A_AVG,Annual average rate of change,CP00,All-items HICP,EA19,Euro area - 19 countries  (2015-2022),2017,,1.5,,,,,
dataflow,ESTAT:TEC00118(1.0),HICP - inflation rate,A,Annual,RCH_A_AVG,Annual average rate of change,CP00,All-items HICP,EA19,Euro area - 19 countries  (2015-2022),2018,,1.8,,,,,
dataflow,ESTAT:TEC00118(1.0),HICP - inflation rate,A,Annual,RCH_A_AVG,Annual average rate of change,CP00,All-items HICP,EA19,Euro area - 19 countries  (2015-2022),2019,,1.2,,,,,
dataflow,ESTAT:TEC00118(1.0),HICP - inflation rate,A,Annual,RCH_A_AVG,Annual average rate of change,CP00,All-items HICP,EA19,Euro area - 19 countries  (2015-2022),2020,,0.3,,,,,
dataflow,ESTAT:TEC00118(1.0),HICP - inflation rate,A,Annual,RCH_A_AVG,Annual average rate of change,CP00,All-items HICP,EA19,Euro area - 19 countries  (2015-2022),2021,,2.6,,,,,
dataflow,ESTAT:TEC00118(1.0),HICP - inflation rate,A,Annual,RCH_A_AVG,Annual average rate of change,CP00,All-items HICP,EA19,Euro area - 19 countries  (2015-2022),2022,,8.4,,,,,
dataflow,ESTAT:TEC00118(1.0),HICP - inflation rate,A,Annual,RCH_A_AVG,Annual average rate of change,CP00,All-items HICP,EA19,Euro area - 19 countries  (2015-2022),2023,,5.4,,,,,
dataflow,ESTAT:TEC00118(1.0),HICP - inflation rate,A,Annual,RCH_A_AVG,Annual average rate of change,CP00,All-items HICP,EA19,Euro area - 19 countries  (2015-2022),2024,,2.4,,,,,
dataflow,ESTAT:TEC00118(1.0),HICP - inflation rate,A,Annual,RCH_A_AVG,Annual average rate of change,CP00,All-items HICP,EA20,Euro area – 20 countries (from 2023),2013,,1.4,,,,,
dataflow,ESTAT:TEC00118(1.0),HICP - inflation rate,A,Annual,RCH_A_AVG,Annual average rate of change,CP00,All-items HICP,EA20,Euro area – 20 countries (from 2023),2014,,0.4,,,,,
dataflow,ESTAT:TEC00118(1.0),HICP - inflation rate,A,Annual,RCH_A_AVG,Annual average rate of change,CP00,All-items HICP,EA20,Euro area – 20 countries (from 2023),2015,,0.2,,,,,
dataflow,ESTAT:TEC00118(1.0),HICP - inflation rate,A,Annual,RCH_A_AVG,Annual average rate of change,CP00,All-items HICP,EA20,Euro area – 20 countries (from 2023),2016,,0.2,,,,,
dataflow,ESTAT:TEC00118(1.0),HICP - inflation rate,A,Annual,RCH_A_AVG,Annual average rate of change,CP00,All-items HICP,EA20,Euro area – 20 countries (from 2023),2017,,1.5,,,,,
dataflow,ESTAT:TEC00118(1.0),HICP - inflation rate,A,Annual,RCH_A_AVG,Annual average rate of change,CP00,All-items HICP,EA20,Euro area – 20 countries (from 2023),2018,,1.8,,,,,
dataflow,ESTAT:TEC00118(1.0),HICP - inflation rate,A,Annual,RCH_A_AVG,Annual average rate of change,CP00,All-items HICP,EA20,Euro area – 20 countries (from 2023),2019,,1.2,,,,,
dataflow,ESTAT:TEC00118(1.0),HICP - inflation rate,A,Annual,RCH_A_AVG,Annual average rate of change,CP00,All-items HICP,EA20,Euro area – 20 countries (from 2023),2020,,0.3,,,,,
dataflow,ESTAT:TEC00118(1.0),HICP - inflation rate,A,Annual,RCH_A_AVG,Annual average rate of change,CP00,All-items HICP,EA20,Euro area – 20 countries (from 2023),2021,,2.6,,,,,
dataflow,ESTAT:TEC00118(1.0),HICP - inflation rate,A,Annual,RCH_A_AVG,Annual average rate of change,CP00,All-items HICP,EA20,Euro area – 20 countries (from 2023),2022,,8.4,,,,,
dataflow,ESTAT:TEC00118(1.0),HICP - inflation rate,A,Annual,RCH_A_AVG,Annual average rate of change,CP00,All-items HICP,EA20,Euro area – 20 countries (from 2023),2023,,5.4,,,,,
dataflow,ESTAT:TEC00118(1.0),HICP - inflation rate,A,Annual,RCH_A_AVG,Annual average rate of change,CP00,All-items HICP,EA20,Euro area – 20 countries (from 2023),2024,,2.4,,,,,
dataflow,ESTAT:TEC00118(1.0),HICP - inflation rate,A,Annual,RCH_A_AVG,Annual average rate of change,CP00,All-items HICP,EE,Estonia,2013,,3.2,,,,,
dataflow,ESTAT:TEC00118(1.0),HICP - inflation rate,A,Annual,RCH_A_AVG,Annual average rate of change,CP00,All-items HICP,EE,Estonia,2014,,0.5,,,,,
dataflow,ESTAT:TEC00118(1.0),HICP - inflation rate,A,Annual,RCH_A_AVG,Annual average rate of change,CP00,All-items HICP,EE,Estonia,2015,,0.1,,,,,
dataflow,ESTAT:TEC00118(1.0),HICP - inflation rate,A,Annual,RCH_A_AVG,Annual average rate of change,CP00,All-items HICP,EE,Estonia,2016,,0.8,,,,,
dataflow,ESTAT:TEC00118(1.0),HICP - inflation rate,A,Annual,RCH_A_AVG,Annual average rate of change,CP00,All-items HICP,EE,Estonia,2017,,3.7,,,,,
dataflow,ESTAT:TEC00118(1.0),HICP - inflation rate,A,Annual,RCH_A_AVG,Annual average rate of change,CP00,All-items HICP,EE,Estonia,2018,,3.4,,,,,
dataflow,ESTAT:TEC00118(1.0),HICP - inflation rate,A,Annual,RCH_A_AVG,Annual average rate of change,CP00,All-items HICP,EE,Estonia,2019,,2.3,,,,,
dataflow,ESTAT:TEC00118(1.0),HICP - inflation rate,A,Annual,RCH_A_AVG,Annual average rate of change,CP00,All-items HICP,EE,Estonia,2020,,-0.6,,,,,
dataflow,ESTAT:TEC00118(1.0),HICP - inflation rate,A,Annual,RCH_A_AVG,Annual average rate of change,CP00,All-items HICP,EE,Estonia,2021,,4.5,,,,,
dataflow,ESTAT:TEC00118(1.0),HICP - inflation rate,A,Annual,RCH_A_AVG,Annual average rate of change,CP00,All-items HICP,EE,Estonia,2022,,19.4,,,,,
dataflow,ESTAT:TEC00118(1.0),HICP - inflation rate,A,Annual,RCH_A_AVG,Annual average rate of change,CP00,All-items HICP,EE,Estonia,2023,,9.1,,,,,
dataflow,ESTAT:TEC00118(1.0),HICP - inflation rate,A,Annual,RCH_A_AVG,Annual average rate of change,CP00,All-items HICP,EE,Estonia,2024,,3.7,,,,,
dataflow,ESTAT:TEC00118(1.0),HICP - inflation rate,A,Annual,RCH_A_AVG,Annual average rate of change,CP00,All-items HICP,EL,Greece,2013,,-0.9,,,,,
dataflow,ESTAT:TEC00118(1.0),HICP - inflation rate,A,Annual,RCH_A_AVG,Annual average rate of change,CP00,All-items HICP,EL,Greece,2014,,-1.4,,,,,
dataflow,ESTAT:TEC00118(1.0),HICP - inflation rate,A,Annual,RCH_A_AVG,Annual average rate of change,CP00,All-items HICP,EL,Greece,2015,,-1.1,,,,,
dataflow,ESTAT:TEC00118(1.0),HICP - inflation rate,A,Annual,RCH_A_AVG,Annual average rate of change,CP00,All-items HICP,EL,Greece,2016,,0.0,,,,,
dataflow,ESTAT:TEC00118(1.0),HICP - inflation rate,A,Annual,RCH_A_AVG,Annual average rate of change,CP00,All-items HICP,EL,Greece,2017,,1.1,,,,,
dataflow,ESTAT:TEC00118(1.0),HICP - inflation rate,A,Annual,RCH_A_AVG,Annual average rate of change,CP00,All-items HICP,EL,Greece,2018,,0.8,,,,,
dataflow,ESTAT:TEC00118(1.0),HICP - inflation rate,A,Annual,RCH_A_AVG,Annual average rate of change,CP00,All-items HICP,EL,Greece,2019,,0.5,,,,,
dataflow,ESTAT:TEC00118(1.0),HICP - inflation rate,A,Annual,RCH_A_AVG,Annual average rate of change,CP00,All-items HICP,EL,Greece,2020,,-1.3,,,,,
dataflow,ESTAT:TEC00118(1.0),HICP - inflation rate,A,Annual,RCH_A_AVG,Annual average rate of change,CP00,All-items HICP,EL,Greece,2021,,0.6,,,,,
dataflow,ESTAT:TEC00118(1.0),HICP - inflation rate,A,Annual,RCH_A_AVG,Annual average rate of change,CP00,All-items HICP,EL,Greece,2022,,9.3,,,,,
dataflow,ESTAT:TEC00118(1.0),HICP - inflation rate,A,Annual,RCH_A_AVG,Annual average rate of change,CP00,All-items HICP,EL,Greece,2023,,4.2,,,,,
dataflow,ESTAT:TEC00118(1.0),HICP - inflation rate,A,Annual,RCH_A_AVG,Annual average rate of change,CP00,All-items HICP,EL,Greece,2024,,3.0,,,,,
dataflow,ESTAT:TEC00118(1.0),HICP - inflation rate,A,Annual,RCH_A_AVG,Annual average rate of change,CP00,All-items HICP,ES,Spain,2013,,1.5,,,,,
dataflow,ESTAT:TEC00118(1.0),HICP - inflation rate,A,Annual,RCH_A_AVG,Annual average rate of change,CP00,All-items HICP,ES,Spain,2014,,-0.2,,,,,
dataflow,ESTAT:TEC00118(1.0),HICP - inflation rate,A,Annual,RCH_A_AVG,Annual average rate of change,CP00,All-items HICP,ES,Spain,2015,,-0.6,,,,,
dataflow,ESTAT:TEC00118(1.0),HICP - inflation rate,A,Annual,RCH_A_AVG,Annual average rate of change,CP00,All-items HICP,ES,Spain,2016,,-0.3,,,,,
dataflow,ESTAT:TEC00118(1.0),HICP - inflation rate,A,Annual,RCH_A_AVG,Annual average rate of change,CP00,All-items HICP,ES,Spain,2017,,2.0,,,,,
dataflow,ESTAT:TEC00118(1.0),HICP - inflation rate,A,Annual,RCH_A_AVG,Annual average rate of change,CP00,All-items HICP,ES,Spain,2018,,1.7,,,,,
dataflow,ESTAT:TEC00118(1.0),HICP - inflation rate,A,Annual,RCH_A_AVG,Annual average rate of change,CP00,All-items HICP,ES,Spain,2019,,0.8,,,,,
dataflow,ESTAT:TEC00118(1.0),HICP - inflation rate,A,Annual,RCH_A_AVG,Annual average rate of change,CP00,All-items HICP,ES,Spain,2020,,-0.3,,,,,
dataflow,ESTAT:TEC00118(1.0),HICP - inflation rate,A,Annual,RCH_A_AVG,Annual average rate of change,CP00,All-items HICP,ES,Spain,2021,,3.0,,,,,
dataflow,ESTAT:TEC00118(1.0),HICP - inflation rate,A,Annual,RCH_A_AVG,Annual average rate of change,CP00,All-items HICP,ES,Spain,2022,,8.3,,,,,
dataflow,ESTAT:TEC00118(1.0),HICP - inflation rate,A,Annual,RCH_A_AVG,Annual average rate of change,CP00,All-items HICP,ES,Spain,2023,,3.4,,,,,
dataflow,ESTAT:TEC00118(1.0),HICP - inflation rate,A,Annual,RCH_A_AVG,Annual average rate of change,CP00,All-items HICP,ES,Spain,2024,,2.9,,,,,
dataflow,ESTAT:TEC00118(1.0),HICP - inflation rate,A,Annual,RCH_A_AVG,Annual average rate of change,CP00,All-items HICP,EU27_2020,European Union - 27 countries (from 2020),2013,,1.3,,,,,
dataflow,ESTAT:TEC00118(1.0),HICP - inflation rate,A,Annual,RCH_A_AVG,Annual average rate of change,CP00,All-items HICP,EU27_2020,European Union - 27 countries (from 2020),2014,,0.4,,,,,
dataflow,ESTAT:TEC00118(1.0),HICP - inflation rate,A,Annual,RCH_A_AVG,Annual average rate of change,CP00,All-items HICP,EU27_2020,European Union - 27 countries (from 2020),2015,,0.1,,,,,
dataflow,ESTAT:TEC00118(1.0),HICP - inflation rate,A,Annual,RCH_A_AVG,Annual average rate of change,CP00,All-items HICP,EU27_2020,European Union - 27 countries (from 2020),2016,,0.2,,,,,
dataflow,ESTAT:TEC00118(1.0),HICP - inflation rate,A,Annual,RCH_A_AVG,Annual average rate of change,CP00,All-items HICP,EU27_2020,European Union - 27 countries (from 2020),2017,,1.6,,,,,
dataflow,ESTAT:TEC00118(1.0),HICP - inflation rate,A,Annual,RCH_A_AVG,Annual average rate of change,CP00,All-items HICP,EU27_2020,European Union - 27 countries (from 2020),2018,,1.8,,,,,
dataflow,ESTAT:TEC00118(1.0),HICP - inflation rate,A,Annual,RCH_A_AVG,Annual average rate of change,CP00,All-items HICP,EU27_2020,European Union - 27 countries (from 2020),2019,,1.4,,,,,
dataflow,ESTAT:TEC00118(1.0),HICP - inflation rate,A,Annual,RCH_A_AVG,Annual average rate of change,CP00,All-items HICP,EU27_2020,European Union - 27 countries (from 2020),2020,,0.7,,,,,
dataflow,ESTAT:TEC00118(1.0),HICP - inflation rate,A,Annual,RCH_A_AVG,Annual average rate of change,CP00,All-items HICP,EU27_2020,European Union - 27 countries (from 2020),2021,,2.9,,,,,
dataflow,ESTAT:TEC00118(1.0),HICP - inflation rate,A,Annual,RCH_A_AVG,Annual average rate of change,CP00,All-items HICP,EU27_2020,European Union - 27 countries (from 2020),2022,,9.2,,,,,
dataflow,ESTAT:TEC00118(1.0),HICP - inflation rate,A,Annual,RCH_A_AVG,Annual average rate of change,CP00,All-items HICP,EU27_2020,European Union - 27 countries (from 2020),2023,,6.4,,,,,
dataflow,ESTAT:TEC00118(1.0),HICP - inflation rate,A,Annual,RCH_A_AVG,Annual average rate of change,CP00,All-items HICP,EU27_2020,European Union - 27 countries (from 2020),2024,,2.6,,,,,
dataflow,ESTAT:TEC00118(1.0),HICP - inflation rate,A,Annual,RCH_A_AVG,Annual average rate of change,CP00,All-items HICP,FI,Finland,2013,,2.2,,,,,
dataflow,ESTAT:TEC00118(1.0),HICP - inflation rate,A,Annual,RCH_A_AVG,Annual average rate of change,CP00,All-items HICP,FI,Finland,2014,,1.2,,,,,
dataflow,ESTAT:TEC00118(1.0),HICP - inflation rate,A,Annual,RCH_A_AVG,Annual average rate of change,CP00,All-items HICP,FI,Finland,2015,,-0.2,,,,,
dataflow,ESTAT:TEC00118(1.0),HICP - inflation rate,A,Annual,RCH_A_AVG,Annual average rate of change,CP00,All-items HICP,FI,Finland,2016,,0.4,,,,,
dataflow,ESTAT:TEC00118(1.0),HICP - inflation rate,A,Annual,RCH_A_AVG,Annual average rate of change,CP00,All-items HICP,FI,Finland,2017,,0.8,,,,,
dataflow,ESTAT:TEC00118(1.0),HICP - inflation rate,A,Annual,RCH_A_AVG,Annual average rate of change,CP00,All-items HICP,FI,Finland,2018,,1.2,,,,,
dataflow,ESTAT:TEC00118(1.0),HICP - inflation rate,A,Annual,RCH_A_AVG,Annual average rate of change,CP00,All-items HICP,FI,Finland,2019,,1.1,,,,,
dataflow,ESTAT:TEC00118(1.0),HICP - inflation rate,A,Annual,RCH_A_AVG,Annual average rate of change,CP00,All-items HICP,FI,Finland,2020,,0.4,,,,,
dataflow,ESTAT:TEC00118(1.0),HICP - inflation rate,A,Annual,RCH_A_AVG,Annual average rate of change,CP00,All-items HICP,FI,Finland,2021,,2.1,,,,,
dataflow,ESTAT:TEC00118(1.0),HICP - inflation rate,A,Annual,RCH_A_AVG,Annual average rate of change,CP00,All-items HICP,FI,Finland,2022,,7.2,,,,,
dataflow,ESTAT:TEC00118(1.0),HICP - inflation rate,A,Annual,RCH_A_AVG,Annual average rate of change,CP00,All-items HICP,FI,Finland,2023,,4.3,,,,,
dataflow,ESTAT:TEC00118(1.0),HICP - inflation rate,A,Annual,RCH_A_AVG,Annual average rate of change,CP00,All-items HICP,FI,Finland,2024,,1.0,,,,,
dataflow,ESTAT:TEC00118(1.0),HICP - inflation rate,A,Annual,RCH_A_AVG,Annual average rate of change,CP00,All-items HICP,FR,France,2013,,1.0,,,,,
dataflow,ESTAT:TEC00118(1.0),HICP - inflation rate,A,Annual,RCH_A_AVG,Annual average rate of change,CP00,All-items HICP,FR,France,2014,,0.6,,,,,
dataflow,ESTAT:TEC00118(1.0),HICP - inflation rate,A,Annual,RCH_A_AVG,Annual average rate of change,CP00,All-items HICP,FR,France,2015,,0.1,,,,,
dataflow,ESTAT:TEC00118(1.0),HICP - inflation rate,A,Annual,RCH_A_AVG,Annual average rate of change,CP00,All-items HICP,FR,France,2016,,0.3,,,,,
dataflow,ESTAT:TEC00118(1.0),HICP - inflation rate,A,Annual,RCH_A_AVG,Annual average rate of change,CP00,All-items HICP,FR,France,2017,,1.2,,,,,
dataflow,ESTAT:TEC00118(1.0),HICP - inflation rate,A,Annual,RCH_A_AVG,Annual average rate of change,CP00,All-items HICP,FR,France,2018,,2.1,,,,,
dataflow,ESTAT:TEC00118(1.0),HICP - inflation rate,A,Annual,RCH_A_AVG,Annual average rate of change,CP00,All-items HICP,FR,France,2019,,1.3,,,,,
dataflow,ESTAT:TEC00118(1.0),HICP - inflation rate,A,Annual,RCH_A_AVG,Annual average rate of change,CP00,All-items HICP,FR,France,2020,,0.5,,,,,
dataflow,ESTAT:TEC00118(1.0),HICP - inflation rate,A,Annual,RCH_A_AVG,Annual average rate of change,CP00,All-items HICP,FR,France,2021,,2.1,,,,,
dataflow,ESTAT:TEC00118(1.0),HICP - inflation rate,A,Annual,RCH_A_AVG,Annual average rate of change,CP00,All-items HICP,FR,France,2022,,5.9,,,,,
dataflow,ESTAT:TEC00118(1.0),HICP - inflation rate,A,Annual,RCH_A_AVG,Annual average rate of change,CP00,All-items HICP,FR,France,2023,,5.7,,,,,
dataflow,ESTAT:TEC00118(1.0),HICP - inflation rate,A,Annual,RCH_A_AVG,Annual average rate of change,CP00,All-items HICP,FR,France,2024,,2.3,,,,,
dataflow,ESTAT:TEC00118(1.0),HICP - inflation rate,A,Annual,RCH_A_AVG,Annual average rate of change,CP00,All-items HICP,HR,Croatia,2013,,2.3,,,,,
dataflow,ESTAT:TEC00118(1.0),HICP - inflation rate,A,Annual,RCH_A_AVG,Annual average rate of change,CP00,All-items HICP,HR,Croatia,2014,,0.2,,,,,
dataflow,ESTAT:TEC00118(1.0),HICP - inflation rate,A,Annual,RCH_A_AVG,Annual average rate of change,CP00,All-items HICP,HR,Croatia,2015,,-0.3,,,,,
dataflow,ESTAT:TEC00118(1.0),HICP - inflation rate,A,Annual,RCH_A_AVG,Annual average rate of change,CP00,All-items HICP,HR,Croatia,2016,,-0.6,,,,,
dataflow,ESTAT:TEC00118(1.0),HICP - inflation rate,A,Annual,RCH_A_AVG,Annual average rate of change,CP00,All-items HICP,HR,Croatia,2017,,1.3,,,,,
dataflow,ESTAT:TEC00118(1.0),HICP - inflation rate,A,Annual,RCH_A_AVG,Annual average rate of change,CP00,All-items HICP,HR,Croatia,2018,,1.6,,,,,
dataflow,ESTAT:TEC00118(1.0),HICP - inflation rate,A,Annual,RCH_A_AVG,Annual average rate of change,CP00,All-items HICP,HR,Croatia,2019,,0.8,,,,,
dataflow,ESTAT:TEC00118(1.0),HICP - inflation rate,A,Annual,RCH_A_AVG,Annual average rate of change,CP00,All-items HICP,HR,Croatia,2020,,0.0,,,,,
dataflow,ESTAT:TEC00118(1.0),HICP - inflation rate,A,Annual,RCH_A_AVG,Annual average rate of change,CP00,All-items HICP,HR,Croatia,2021,,2.7,,,,,
dataflow,ESTAT:TEC00118(1.0),HICP - inflation rate,A,Annual,RCH_A_AVG,Annual average rate of change,CP00,All-items HICP,HR,Croatia,2022,,10.7,,,,,
dataflow,ESTAT:TEC00118(1.0),HICP - inflation rate,A,Annual,RCH_A_AVG,Annual average rate of change,CP00,All-items HICP,HR,Croatia,2023,,8.4,,,,,
dataflow,ESTAT:TEC00118(1.0),HICP - inflation rate,A,Annual,RCH_A_AVG,Annual average rate of change,CP00,All-items HICP,HR,Croatia,2024,,4.0,,,,,
dataflow,ESTAT:TEC00118(1.0),HICP - inflation rate,A,Annual,RCH_A_AVG,Annual average rate of change,CP00,All-items HICP,HU,Hungary,2013,,1.7,,,,,
dataflow,ESTAT:TEC00118(1.0),HICP - inflation rate,A,Annual,RCH_A_AVG,Annual average rate of change,CP00,All-items HICP,HU,Hungary,2014,,0.0,,,,,
dataflow,ESTAT:TEC00118(1.0),HICP - inflation rate,A,Annual,RCH_A_AVG,Annual average rate of change,CP00,All-items HICP,HU,Hungary,2015,,0.1,,,,,
dataflow,ESTAT:TEC00118(1.0),HICP - inflation rate,A,Annual,RCH_A_AVG,Annual average rate of change,CP00,All-items HICP,HU,Hungary,2016,,0.4,,,,,
dataflow,ESTAT:TEC00118(1.0),HICP - inflation rate,A,Annual,RCH_A_AVG,Annual average rate of change,CP00,All-items HICP,HU,Hungary,2017,,2.4,,,,,
dataflow,ESTAT:TEC00118(1.0),HICP - inflation rate,A,Annual,RCH_A_AVG,Annual average rate of change,CP00,All-items HICP,HU,Hungary,2018,,2.9,,,,,
dataflow,ESTAT:TEC00118(1.0),HICP - inflation rate,A,Annual,RCH_A_AVG,Annual average rate of change,CP00,All-items HICP,HU,Hungary,2019,,3.4,,,,,
dataflow,ESTAT:TEC00118(1.0),HICP - inflation rate,A,Annual,RCH_A_AVG,Annual average rate of change,CP00,All-items HICP,HU,Hungary,2020,,3.4,,,,,
dataflow,ESTAT:TEC00118(1.0),HICP - inflation rate,A,Annual,RCH_A_AVG,Annual average rate of change,CP00,All-items HICP,HU,Hungary,2021,,5.2,,,,,
dataflow,ESTAT:TEC00118(1.0),HICP - inflation rate,A,Annual,RCH_A_AVG,Annual average rate of change,CP00,All-items HICP,HU,Hungary,2022,,15.3,,,,,
dataflow,ESTAT:TEC00118(1.0),HICP - inflation rate,A,Annual,RCH_A_AVG,Annual average rate of change,CP00,All-items HICP,HU,Hungary,2023,,17.0,,,,,
dataflow,ESTAT:TEC00118(1.0),HICP - inflation rate,A,Annual,RCH_A_AVG,Annual average rate of change,CP00,All-items HICP,HU,Hungary,2024,,3.7,,,,,
dataflow,ESTAT:TEC00118(1.0),HICP - inflation rate,A,Annual,RCH_A_AVG,Annual average rate of change,CP00,All-items HICP,IE,Ireland,2013,,0.5,,,,,
dataflow,ESTAT:TEC00118(1.0),HICP - inflation rate,A,Annual,RCH_A_AVG,Annual average rate of change,CP00,All-items HICP,IE,Ireland,2014,,0.3,,,,,
dataflow,ESTAT:TEC00118(1.0),HICP - inflation rate,A,Annual,RCH_A_AVG,Annual average rate of change,CP00,All-items HICP,IE,Ireland,2015,,0.0,,,,,
dataflow,ESTAT:TEC00118(1.0),HICP - inflation rate,A,Annual,RCH_A_AVG,Annual average rate of change,CP00,All-items HICP,IE,Ireland,2016,,-0.2,,,,,
dataflow,ESTAT:TEC00118(1.0),HICP - inflation rate,A,Annual,RCH_A_AVG,Annual average rate of change,CP00,All-items HICP,IE,Ireland,2017,,0.3,,,,,
dataflow,ESTAT:TEC00118(1.0),HICP - inflation rate,A,Annual,RCH_A_AVG,Annual average rate of change,CP00,All-items HICP,IE,Ireland,2018,,0.7,,,,,
dataflow,ESTAT:TEC00118(1.0),HICP - inflation rate,A,Annual,RCH_A_AVG,Annual average rate of change,CP00,All-items HICP,IE,Ireland,2019,,0.9,,,,,
dataflow,ESTAT:TEC00118(1.0),HICP - inflation rate,A,Annual,RCH_A_AVG,Annual average rate of change,CP00,All-items HICP,IE,Ireland,2020,,-0.5,,,,,
dataflow,ESTAT:TEC00118(1.0),HICP - inflation rate,A,Annual,RCH_A_AVG,Annual average rate of change,CP00,All-items HICP,IE,Ireland,2021,,2.4,,,,,
dataflow,ESTAT:TEC00118(1.0),HICP - inflation rate,A,Annual,RCH_A_AVG,Annual average rate of change,CP00,All-items HICP,IE,Ireland,2022,,8.1,,,,,
dataflow,ESTAT:TEC00118(1.0),HICP - inflation rate,A,Annual,RCH_A_AVG,Annual average rate of change,CP00,All-items HICP,IE,Ireland,2023,,5.2,,,,,
dataflow,ESTAT:TEC00118(1.0),HICP - inflation rate,A,Annual,RCH_A_AVG,Annual average rate of change,CP00,All-items HICP,IE,Ireland,2024,,1.3,,,,,
dataflow,ESTAT:TEC00118(1.0),HICP - inflation rate,A,Annual,RCH_A_AVG,Annual average rate of change,CP00,All-items HICP,IS,Iceland,2013,,4.1,,,,,
dataflow,ESTAT:TEC00118(1.0),HICP - inflation rate,A,Annual,RCH_A_AVG,Annual average rate of change,CP00,All-items HICP,IS,Iceland,2014,,1.0,,,,,
dataflow,ESTAT:TEC00118(1.0),HICP - inflation rate,A,Annual,RCH_A_AVG,Annual average rate of change,CP00,All-items HICP,IS,Iceland,2015,,0.3,,,,,
dataflow,ESTAT:TEC00118(1.0),HICP - inflation rate,A,Annual,RCH_A_AVG,Annual average rate of change,CP00,All-items HICP,IS,Iceland,2016,,0.8,,,,,
dataflow,ESTAT:TEC00118(1.0),HICP - inflation rate,A,Annual,RCH_A_AVG,Annual average rate of change,CP00,All-items HICP,IS,Iceland,2017,,-1.7,,,,,
dataflow,ESTAT:TEC00118(1.0),HICP - inflation rate,A,Annual,RCH_A_AVG,Annual average rate of change,CP00,All-items HICP,IS,Iceland,2018,,0.7,,,,,
dataflow,ESTAT:TEC00118(1.0),HICP - inflation rate,A,Annual,RCH_A_AVG,Annual average rate of change,CP00,All-items HICP,IS,Iceland,2019,,2.0,,,,,
dataflow,ESTAT:TEC00118(1.0),HICP - inflation rate,A,Annual,RCH_A_AVG,Annual average rate of change,CP00,All-items HICP,IS,Iceland,2020,,1.2,,,,,
dataflow,ESTAT:TEC00118(1.0),HICP - inflation rate,A,Annual,RCH_A_AVG,Annual average rate of change,CP00,All-items HICP,IS,Iceland,2021,,3.7,,,,,
dataflow,ESTAT:TEC00118(1.0),HICP - inflation rate,A,Annual,RCH_A_AVG,Annual average rate of change,CP00,All-items HICP,IS,Iceland,2022,,5.7,,,,,
dataflow,ESTAT:TEC00118(1.0),HICP - inflation rate,A,Annual,RCH_A_AVG,Annual average rate of change,CP00,All-items HICP,IS,Iceland,2023,,8.0,,,,,
dataflow,ESTAT:TEC00118(1.0),HICP - inflation rate,A,Annual,RCH_A_AVG,Annual average rate of change,CP00,All-items HICP,IS,Iceland,2024,,4.5,,,,,
dataflow,ESTAT:TEC00118(1.0),HICP - inflation rate,A,Annual,RCH_A_AVG,Annual average rate of change,CP00,All-items HICP,IT,Italy,2013,,1.2,,,,,
dataflow,ESTAT:TEC00118(1.0),HICP - inflation rate,A,Annual,RCH_A_AVG,Annual average rate of change,CP00,All-items HICP,IT,Italy,2014,,0.2,,,,,
dataflow,ESTAT:TEC00118(1.0),HICP - inflation rate,A,Annual,RCH_A_AVG,Annual average rate of change,CP00,All-items HICP,IT,Italy,2015,,0.1,,,,,
dataflow,ESTAT:TEC00118(1.0),HICP - inflation rate,A,Annual,RCH_A_AVG,Annual average rate of change,CP00,All-items HICP,IT,Italy,2016,,-0.1,,,,,
dataflow,ESTAT:TEC00118(1.0),HICP - inflation rate,A,Annual,RCH_A_AVG,Annual average rate of change,CP00,All-items HICP,IT,Italy,2017,,1.3,,,,,
dataflow,ESTAT:TEC00118(1.0),HICP - inflation rate,A,Annual,RCH_A_AVG,Annual average rate of change,CP00,All-items HICP,IT,Italy,2018,,1.2,,,,,
dataflow,ESTAT:TEC00118(1.0),HICP - inflation rate,A,Annual,RCH_A_AVG,Annual average rate of change,CP00,All-items HICP,IT,Italy,2019,,0.6,,,,,
dataflow,ESTAT:TEC00118(1.0),HICP - inflation rate,A,Annual,RCH_A_AVG,Annual average rate of change,CP00,All-items HICP,IT,Italy,2020,,-0.1,,,,,
dataflow,ESTAT:TEC00118(1.0),HICP - inflation rate,A,Annual,RCH_A_AVG,Annual average rate of change,CP00,All-items HICP,IT,Italy,2021,,1.9,,,,,
dataflow,ESTAT:TEC00118(1.0),HICP - inflation rate,A,Annual,RCH_A_AVG,Annual average rate of change,CP00,All-items HICP,IT,Italy,2022,,8.7,,,,,
dataflow,ESTAT:TEC00118(1.0),HICP - inflation rate,A,Annual,RCH_A_AVG,Annual average rate of change,CP00,All-items HICP,IT,Italy,2023,,5.9,,,,,
dataflow,ESTAT:TEC00118(1.0),HICP - inflation rate,A,Annual,RCH_A_AVG,Annual average rate of change,CP00,All-items HICP,IT,Italy,2024,,1.1,,,,,
dataflow,ESTAT:TEC00118(1.0),HICP - inflation rate,A,Annual,RCH_A_AVG,Annual average rate of change,CP00,All-items HICP,LT,Lithuania,2013,,1.2,,,,,
dataflow,ESTAT:TEC00118(1.0),HICP - inflation rate,A,Annual,RCH_A_AVG,Annual average rate of change,CP00,All-items HICP,LT,Lithuania,2014,,0.2,,,,,
dataflow,ESTAT:TEC00118(1.0),HICP - inflation rate,A,Annual,RCH_A_AVG,Annual average rate of change,CP00,All-items HICP,LT,Lithuania,2015,,-0.7,,,,,
dataflow,ESTAT:TEC00118(1.0),HICP - inflation rate,A,Annual,RCH_A_AVG,Annual average rate of change,CP00,All-items HICP,LT,Lithuania,2016,,0.7,,,,,
dataflow,ESTAT:TEC00118(1.0),HICP - inflation rate,A,Annual,RCH_A_AVG,Annual average rate of change,CP00,All-items HICP,LT,Lithuania,2017,,3.7,,,,,
dataflow,ESTAT:TEC00118(1.0),HICP - inflation rate,A,Annual,RCH_A_AVG,Annual average rate of change,CP00,All-items HICP,LT,Lithuania,2018,,2.5,,,,,
dataflow,ESTAT:TEC00118(1.0),HICP - inflation rate,A,Annual,RCH_A_AVG,Annual average rate of change,CP00,All-items HICP,LT,Lithuania,2019,,2.2,,,,,
dataflow,ESTAT:TEC00118(1.0),HICP - inflation rate,A,Annual,RCH_A_AVG,Annual average rate of change,CP00,All-items HICP,LT,Lithuania,2020,,1.1,,,,,
dataflow,ESTAT:TEC00118(1.0),HICP - inflation rate,A,Annual,RCH_A_AVG,Annual average rate of change,CP00,All-items HICP,LT,Lithuania,2021,,4.6,,,,,
dataflow,ESTAT:TEC00118(1.0),HICP - inflation rate,A,Annual,RCH_A_AVG,Annual average rate of change,CP00,All-items HICP,LT,Lithuania,2022,,18.9,,,,,
dataflow,ESTAT:TEC00118(1.0),HICP - inflation rate,A,Annual,RCH_A_AVG,Annual average rate of change,CP00,All-items HICP,LT,Lithuania,2023,,8.7,,,,,
dataflow,ESTAT:TEC00118(1.0),HICP - inflation rate,A,Annual,RCH_A_AVG,Annual average rate of change,CP00,All-items HICP,LT,Lithuania,2024,,0.9,,,,,
dataflow,ESTAT:TEC00118(1.0),HICP - inflation rate,A,Annual,RCH_A_AVG,Annual average rate of change,CP00,All-items HICP,LU,Luxembourg,2013,,1.7,,,,,
dataflow,ESTAT:TEC00118(1.0),HICP - inflation rate,A,Annual,RCH_A_AVG,Annual average rate of change,CP00,All-items HICP,LU,Luxembourg,2014,,0.7,,,,,
dataflow,ESTAT:TEC00118(1.0),HICP - inflation rate,A,Annual,RCH_A_AVG,Annual average rate of change,CP00,All-items HICP,LU,Luxembourg,2015,,0.1,,,,,
dataflow,ESTAT:TEC00118(1.0),HICP - inflation rate,A,Annual,RCH_A_AVG,Annual average rate of change,CP00,All-items HICP,LU,Luxembourg,2016,,0.0,,,,,
dataflow,ESTAT:TEC00118(1.0),HICP - inflation rate,A,Annual,RCH_A_AVG,Annual average rate of change,CP00,All-items HICP,LU,Luxembourg,2017,,2.1,,,,,
dataflow,ESTAT:TEC00118(1.0),HICP - inflation rate,A,Annual,RCH_A_AVG,Annual average rate of change,CP00,All-items HICP,LU,Luxembourg,2018,,2.0,,,,,
dataflow,ESTAT:TEC00118(1.0),HICP - inflation rate,A,Annual,RCH_A_AVG,Annual average rate of change,CP00,All-items HICP,LU,Luxembourg,2019,,1.6,,,,,
dataflow,ESTAT:TEC00118(1.0),HICP - inflation rate,A,Annual,RCH_A_AVG,Annual average rate of change,CP00,All-items HICP,LU,Luxembourg,2020,,0.0,,,,,
dataflow,ESTAT:TEC00118(1.0),HICP - inflation rate,A,Annual,RCH_A_AVG,Annual average rate of change,CP00,All-items HICP,LU,Luxembourg,2021,,3.5,,,,,
dataflow,ESTAT:TEC00118(1.0),HICP - inflation rate,A,Annual,RCH_A_AVG,Annual average rate of change,CP00,All-items HICP,LU,Luxembourg,2022,,8.2,,,,,
dataflow,ESTAT:TEC00118(1.0),HICP - inflation rate,A,Annual,RCH_A_AVG,Annual average rate of change,CP00,All-items HICP,LU,Luxembourg,2023,,2.9,,,,,
dataflow,ESTAT:TEC00118(1.0),HICP - inflation rate,A,Annual,RCH_A_AVG,Annual average rate of change,CP00,All-items HICP,LU,Luxembourg,2024,,2.3,,,,,
dataflow,ESTAT:TEC00118(1.0),HICP - inflation rate,A,Annual,RCH_A_AVG,Annual average rate of change,CP00,All-items HICP,LV,Latvia,2013,,0.0,,,,,
dataflow,ESTAT:TEC00118(1.0),HICP - inflation rate,A,Annual,RCH_A_AVG,Annual average rate of change,CP00,All-items HICP,LV,Latvia,2014,,0.7,,,,,
dataflow,ESTAT:TEC00118(1.0),HICP - inflation rate,A,Annual,RCH_A_AVG,Annual average rate of change,CP00,All-items HICP,LV,Latvia,2015,,0.2,,,,,
dataflow,ESTAT:TEC00118(1.0),HICP - inflation rate,A,Annual,RCH_A_AVG,Annual average rate of change,CP00,All-items HICP,LV,Latvia,2016,,0.1,,,,,
dataflow,ESTAT:TEC00118(1.0),HICP - inflation rate,A,Annual,RCH_A_AVG,Annual average rate of change,CP00,All-items HICP,LV,Latvia,2017,,2.9,,,,,
dataflow,ESTAT:TEC00118(1.0),HICP - inflation rate,A,Annual,RCH_A_AVG,Annual average rate of change,CP00,All-items HICP,LV,Latvia,2018,,2.6,,,,,
dataflow,ESTAT:TEC00118(1.0),HICP - inflation rate,A,Annual,RCH_A_AVG,Annual average rate of change,CP00,All-items HICP,LV,Latvia,2019,,2.7,,,,,
dataflow,ESTAT:TEC00118(1.0),HICP - inflation rate,A,Annual,RCH_A_AVG,Annual average rate of change,CP00,All-items HICP,LV,Latvia,2020,,0.1,,,,,
dataflow,ESTAT:TEC00118(1.0),HICP - inflation rate,A,Annual,RCH_A_AVG,Annual average rate of change,CP00,All-items HICP,LV,Latvia,2021,,3.2,,,,,
dataflow,ESTAT:TEC00118(1.0),HICP - inflation rate,A,Annual,RCH_A_AVG,Annual average rate of change,CP00,All-items HICP,LV,Latvia,2022,,17.2,,,,,
dataflow,ESTAT:TEC00118(1.0),HICP - inflation rate,A,Annual,RCH_A_AVG,Annual average rate of change,CP00,All-items HICP,LV,Latvia,2023,,9.1,,,,,
dataflow,ESTAT:TEC00118(1.0),HICP - inflation rate,A,Annual,RCH_A_AVG,Annual average rate of change,CP00,All-items HICP,LV,Latvia,2024,,1.3,,,,,
dataflow,ESTAT:TEC00118(1.0),HICP - inflation rate,A,Annual,RCH_A_AVG,Annual average rate of change,CP00,All-items HICP,ME,Montenegro,2016,,-0.1,,d,definition differs (see metadata),,
dataflow,ESTAT:TEC00118(1.0),HICP - inflation rate,A,Annual,RCH_A_AVG,Annual average rate of change,CP00,All-items HICP,ME,Montenegro,2017,,2.7,,d,definition differs (see metadata),,
dataflow,ESTAT:TEC00118(1.0),HICP - inflation rate,A,Annual,RCH_A_AVG,Annual average rate of change,CP00,All-items HICP,ME,Montenegro,2018,,2.6,,d,definition differs (see metadata),,
dataflow,ESTAT:TEC00118(1.0),HICP - inflation rate,A,Annual,RCH_A_AVG,Annual average rate of change,CP00,All-items HICP,ME,Montenegro,2019,,0.5,,d,definition differs (see metadata),,
dataflow,ESTAT:TEC00118(1.0),HICP - inflation rate,A,Annual,RCH_A_AVG,Annual average rate of change,CP00,All-items HICP,ME,Montenegro,2020,,-0.5,,d,definition differs (see metadata),,
dataflow,ESTAT:TEC00118(1.0),HICP - inflation rate,A,Annual,RCH_A_AVG,Annual average rate of change,CP00,All-items HICP,ME,Montenegro,2021,,2.5,,d,definition differs (see metadata),,
dataflow,ESTAT:TEC00118(1.0),HICP - inflation rate,A,Annual,RCH_A_AVG,Annual average rate of change,CP00,All-items HICP,ME,Montenegro,2022,,11.9,,d,definition differs (see metadata),,
dataflow,ESTAT:TEC00118(1.0),HICP - inflation rate,A,Annual,RCH_A_AVG,Annual average rate of change,CP00,All-items HICP,ME,Montenegro,2023,,8.7,,d,definition differs (see metadata),,
dataflow,ESTAT:TEC00118(1.0),HICP - inflation rate,A,Annual,RCH_A_AVG,Annual average rate of change,CP00,All-items HICP,ME,Montenegro,2024,,3.6,,d,definition differs (see metadata),,
dataflow,ESTAT:TEC00118(1.0),HICP - inflation rate,A,Annual,RCH_A_AVG,Annual average rate of change,CP00,All-items HICP,MK,North Macedonia,2013,,2.7,,d,definition differs (see metadata),,
dataflow,ESTAT:TEC00118(1.0),HICP - inflation rate,A,Annual,RCH_A_AVG,Annual average rate of change,CP00,All-items HICP,MK,North Macedonia,2014,,0.0,,d,definition differs (see metadata),,
dataflow,ESTAT:TEC00118(1.0),HICP - inflation rate,A,Annual,RCH_A_AVG,Annual average rate of change,CP00,All-items HICP,MK,North Macedonia,2015,,0.1,,d,definition differs (see metadata),,
dataflow,ESTAT:TEC00118(1.0),HICP - inflation rate,A,Annual,RCH_A_AVG,Annual average rate of change,CP00,All-items HICP,MK,North Macedonia,2016,,0.2,,d,definition differs (see metadata),,
dataflow,ESTAT:TEC00118(1.0),HICP - inflation rate,A,Annual,RCH_A_AVG,Annual average rate of change,CP00,All-items HICP,MK,North Macedonia,2017,,2.1,,d,definition differs (see metadata),,
dataflow,ESTAT:TEC00118(1.0),HICP - inflation rate,A,Annual,RCH_A_AVG,Annual average rate of change,CP00,All-items HICP,MK,North Macedonia,2018,,2.3,,d,definition differs (see metadata),,
dataflow,ESTAT:TEC00118(1.0),HICP - inflation rate,A,Annual,RCH_A_AVG,Annual average rate of change,CP00,All-items HICP,MK,North Macedonia,2019,,0.7,,d,definition differs (see metadata),,
dataflow,ESTAT:TEC00118(1.0),HICP - inflation rate,A,Annual,RCH_A_AVG,Annual average rate of change,CP00,All-items HICP,MK,North Macedonia,2020,,1.2,,d,definition differs (see metadata),,
dataflow,ESTAT:TEC00118(1.0),HICP - inflation rate,A,Annual,RCH_A_AVG,Annual average rate of change,CP00,All-items HICP,MK,North Macedonia,2021,,3.4,,d,definition differs (see metadata),,
dataflow,ESTAT:TEC00118(1.0),HICP - inflation rate,A,Annual,RCH_A_AVG,Annual average rate of change,CP00,All-items HICP,MK,North Macedonia,2022,,14.0,,d,definition differs (see metadata),,
dataflow,ESTAT:TEC00118(1.0),HICP - inflation rate,A,Annual,RCH_A_AVG,Annual average rate of change,CP00,All-items HICP,MK,North Macedonia,2023,,9.0,,d,definition differs (see metadata),,
dataflow,ESTAT:TEC00118(1.0),HICP - inflation rate,A,Annual,RCH_A_AVG,Annual average rate of change,CP00,All-items HICP,MK,North Macedonia,2024,,4.2,,d,definition differs (see metadata),,
dataflow,ESTAT:TEC00118(1.0),HICP - inflation rate,A,Annual,RCH_A_AVG,Annual average rate of change,CP00,All-items HICP,MT,Malta,2013,,1.0,,,,,
dataflow,ESTAT:TEC00118(1.0),HICP - inflation rate,A,Annual,RCH_A_AVG,Annual average rate of change,CP00,All-items HICP,MT,Malta,2014,,0.8,,,,,
dataflow,ESTAT:TEC00118(1.0),HICP - inflation rate,A,Annual,RCH_A_AVG,Annual average rate of change,CP00,All-items HICP,MT,Malta,2015,,1.2,,,,,
dataflow,ESTAT:TEC00118(1.0),HICP - inflation rate,A,Annual,RCH_A_AVG,Annual average rate of change,CP00,All-items HICP,MT,Malta,2016,,0.9,,,,,
dataflow,ESTAT:TEC00118(1.0),HICP - inflation rate,A,Annual,RCH_A_AVG,Annual average rate of change,CP00,All-items HICP,MT,Malta,2017,,1.3,,,,,
dataflow,ESTAT:TEC00118(1.0),HICP - inflation rate,A,Annual,RCH_A_AVG,Annual average rate of change,CP00,All-items HICP,MT,Malta,2018,,1.7,,,,,
dataflow,ESTAT:TEC00118(1.0),HICP - inflation rate,A,Annual,RCH_A_AVG,Annual average rate of change,CP00,All-items HICP,MT,Malta,2019,,1.5,,,,,
dataflow,ESTAT:TEC00118(1.0),HICP - inflation rate,A,Annual,RCH_A_AVG,Annual average rate of change,CP00,All-items HICP,MT,Malta,2020,,0.8,,,,,
dataflow,ESTAT:TEC00118(1.0),HICP - inflation rate,A,Annual,RCH_A_AVG,Annual average rate of change,CP00,All-items HICP,MT,Malta,2021,,0.7,,,,,
dataflow,ESTAT:TEC00118(1.0),HICP - inflation rate,A,Annual,RCH_A_AVG,Annual average rate of change,CP00,All-items HICP,MT,Malta,2022,,6.1,,,,,
dataflow,ESTAT:TEC00118(1.0),HICP - inflation rate,A,Annual,RCH_A_AVG,Annual average rate of change,CP00,All-items HICP,MT,Malta,2023,,5.6,,,,,
dataflow,ESTAT:TEC00118(1.0),HICP - inflation rate,A,Annual,RCH_A_AVG,Annual average rate of change,CP00,All-items HICP,MT,Malta,2024,,2.4,,,,,
dataflow,ESTAT:TEC00118(1.0),HICP - inflation rate,A,Annual,RCH_A_AVG,Annual average rate of change,CP00,All-items HICP,NL,Netherlands,2013,,2.6,,,,,
dataflow,ESTAT:TEC00118(1.0),HICP - inflation rate,A,Annual,RCH_A_AVG,Annual average rate of change,CP00,All-items HICP,NL,Netherlands,2014,,0.3,,,,,
dataflow,ESTAT:TEC00118(1.0),HICP - inflation rate,A,Annual,RCH_A_AVG,Annual average rate of change,CP00,All-items HICP,NL,Netherlands,2015,,0.2,,,,,
dataflow,ESTAT:TEC00118(1.0),HICP - inflation rate,A,Annual,RCH_A_AVG,Annual average rate of change,CP00,All-items HICP,NL,Netherlands,2016,,0.1,,,,,
dataflow,ESTAT:TEC00118(1.0),HICP - inflation rate,A,Annual,RCH_A_AVG,Annual average rate of change,CP00,All-items HICP,NL,Netherlands,2017,,1.3,,,,,
dataflow,ESTAT:TEC00118(1.0),HICP - inflation rate,A,Annual,RCH_A_AVG,Annual average rate of change,CP00,All-items HICP,NL,Netherlands,2018,,1.6,,,,,
dataflow,ESTAT:TEC00118(1.0),HICP - inflation rate,A,Annual,RCH_A_AVG,Annual average rate of change,CP00,All-items HICP,NL,Netherlands,2019,,2.7,,,,,
dataflow,ESTAT:TEC00118(1.0),HICP - inflation rate,A,Annual,RCH_A_AVG,Annual average rate of change,CP00,All-items HICP,NL,Netherlands,2020,,1.1,,,,,
dataflow,ESTAT:TEC00118(1.0),HICP - inflation rate,A,Annual,RCH_A_AVG,Annual average rate of change,CP00,All-items HICP,NL,Netherlands,2021,,2.8,,,,,
dataflow,ESTAT:TEC00118(1.0),HICP - inflation rate,A,Annual,RCH_A_AVG,Annual average rate of change,CP00,All-items HICP,NL,Netherlands,2022,,11.6,,,,,
dataflow,ESTAT:TEC00118(1.0),HICP - inflation rate,A,Annual,RCH_A_AVG,Annual average rate of change,CP00,All-items HICP,NL,Netherlands,2023,,4.1,,,,,
dataflow,ESTAT:TEC00118(1.0),HICP - inflation rate,A,Annual,RCH_A_AVG,Annual average rate of change,CP00,All-items HICP,NL,Netherlands,2024,,3.2,,,,,
dataflow,ESTAT:TEC00118(1.0),HICP - inflation rate,A,Annual,RCH_A_AVG,Annual average rate of change,CP00,All-items HICP,NO,Norway,2013,,2.0,,,,,
dataflow,ESTAT:TEC00118(1.0),HICP - inflation rate,A,Annual,RCH_A_AVG,Annual average rate of change,CP00,All-items HICP,NO,Norway,2014,,1.9,,,,,
dataflow,ESTAT:TEC00118(1.0),HICP - inflation rate,A,Annual,RCH_A_AVG,Annual average rate of change,CP00,All-items HICP,NO,Norway,2015,,2.0,,,,,
dataflow,ESTAT:TEC00118(1.0),HICP - inflation rate,A,Annual,RCH_A_AVG,Annual average rate of change,CP00,All-items HICP,NO,Norway,2016,,3.9,,,,,
dataflow,ESTAT:TEC00118(1.0),HICP - inflation rate,A,Annual,RCH_A_AVG,Annual average rate of change,CP00,All-items HICP,NO,Norway,2017,,1.9,,,,,
dataflow,ESTAT:TEC00118(1.0),HICP - inflation rate,A,Annual,RCH_A_AVG,Annual average rate of change,CP00,All-items HICP,NO,Norway,2018,,3.0,,,,,
dataflow,ESTAT:TEC00118(1.0),HICP - inflation rate,A,Annual,RCH_A_AVG,Annual average rate of change,CP00,All-items HICP,NO,Norway,2019,,2.3,,,,,
dataflow,ESTAT:TEC00118(1.0),HICP - inflation rate,A,Annual,RCH_A_AVG,Annual average rate of change,CP00,All-items HICP,NO,Norway,2020,,1.2,,,,,
dataflow,ESTAT:TEC00118(1.0),HICP - inflation rate,A,Annual,RCH_A_AVG,Annual average rate of change,CP00,All-items HICP,NO,Norway,2021,,3.9,,,,,
dataflow,ESTAT:TEC00118(1.0),HICP - inflation rate,A,Annual,RCH_A_AVG,Annual average rate of change,CP00,All-items HICP,NO,Norway,2022,,6.2,,,,,
dataflow,ESTAT:TEC00118(1.0),HICP - inflation rate,A,Annual,RCH_A_AVG,Annual average rate of change,CP00,All-items HICP,NO,Norway,2023,,5.8,,,,,
dataflow,ESTAT:TEC00118(1.0),HICP - inflation rate,A,Annual,RCH_A_AVG,Annual average rate of change,CP00,All-items HICP,NO,Norway,2024,,2.8,,,,,
dataflow,ESTAT:TEC00118(1.0),HICP - inflation rate,A,Annual,RCH_A_AVG,Annual average rate of change,CP00,All-items HICP,PL,Poland,2013,,0.8,,,,,
dataflow,ESTAT:TEC00118(1.0),HICP - inflation rate,A,Annual,RCH_A_AVG,Annual average rate of change,CP00,All-items HICP,PL,Poland,2014,,0.1,,,,,
dataflow,ESTAT:TEC00118(1.0),HICP - inflation rate,A,Annual,RCH_A_AVG,Annual average rate of change,CP00,All-items HICP,PL,Poland,2015,,-0.7,,,,,
dataflow,ESTAT:TEC00118(1.0),HICP - inflation rate,A,Annual,RCH_A_AVG,Annual average rate of change,CP00,All-items HICP,PL,Poland,2016,,-0.2,,,,,
dataflow,ESTAT:TEC00118(1.0),HICP - inflation rate,A,Annual,RCH_A_AVG,Annual average rate of change,CP00,All-items HICP,PL,Poland,2017,,1.6,,,,,
dataflow,ESTAT:TEC00118(1.0),HICP - inflation rate,A,Annual,RCH_A_AVG,Annual average rate of change,CP00,All-items HICP,PL,Poland,2018,,1.2,,,,,
dataflow,ESTAT:TEC00118(1.0),HICP - inflation rate,A,Annual,RCH_A_AVG,Annual average rate of change,CP00,All-items HICP,PL,Poland,2019,,2.1,,,,,
dataflow,ESTAT:TEC00118(1.0),HICP - inflation rate,A,Annual,RCH_A_AVG,Annual average rate of change,CP00,All-items HICP,PL,Poland,2020,,3.7,,,,,
dataflow,ESTAT:TEC00118(1.0),HICP - inflation rate,A,Annual,RCH_A_AVG,Annual average rate of change,CP00,All-items HICP,PL,Poland,2021,,5.2,,,,,
dataflow,ESTAT:TEC00118(1.0),HICP - inflation rate,A,Annual,RCH_A_AVG,Annual average rate of change,CP00,All-items HICP,PL,Poland,2022,,13.2,,,,,
dataflow,ESTAT:TEC00118(1.0),HICP - inflation rate,A,Annual,RCH_A_AVG,Annual average rate of change,CP00,All-items HICP,PL,Poland,2023,,10.9,,,,,
dataflow,ESTAT:TEC00118(1.0),HICP - inflation rate,A,Annual,RCH_A_AVG,Annual average rate of change,CP00,All-items HICP,PL,Poland,2024,,3.7,,,,,
dataflow,ESTAT:TEC00118(1.0),HICP - inflation rate,A,Annual,RCH_A_AVG,Annual average rate of change,CP00,All-items HICP,PT,Portugal,2013,,0.4,,,,,
dataflow,ESTAT:TEC00118(1.0),HICP - inflation rate,A,Annual,RCH_A_AVG,Annual average rate of change,CP00,All-items HICP,PT,Portugal,2014,,-0.2,,,,,
dataflow,ESTAT:TEC00118(1.0),HICP - inflation rate,A,Annual,RCH_A_AVG,Annual average rate of change,CP00,All-items HICP,PT,Portugal,2015,,0.5,,,,,
dataflow,ESTAT:TEC00118(1.0),HICP - inflation rate,A,Annual,RCH_A_AVG,Annual average rate of change,CP00,All-items HICP,PT,Portugal,2016,,0.6,,,,,
dataflow,ESTAT:TEC00118(1.0),HICP - inflation rate,A,Annual,RCH_A_AVG,Annual average rate of change,CP00,All-items HICP,PT,Portugal,2017,,1.6,,,,,
dataflow,ESTAT:TEC00118(1.0),HICP - inflation rate,A,Annual,RCH_A_AVG,Annual average rate of change,CP00,All-items HICP,PT,Portugal,2018,,1.2,,,,,
dataflow,ESTAT:TEC00118(1.0),HICP - inflation rate,A,Annual,RCH_A_AVG,Annual average rate of change,CP00,All-items HICP,PT,Portugal,2019,,0.3,,,,,
dataflow,ESTAT:TEC00118(1.0),HICP - inflation rate,A,Annual,RCH_A_AVG,Annual average rate of change,CP00,All-items HICP,PT,Portugal,2020,,-0.1,,,,,
dataflow,ESTAT:TEC00118(1.0),HICP - inflation rate,A,Annual,RCH_A_AVG,Annual average rate of change,CP00,All-items HICP,PT,Portugal,2021,,0.9,,,,,
dataflow,ESTAT:TEC00118(1.0),HICP - inflation rate,A,Annual,RCH_A_AVG,Annual average rate of change,CP00,All-items HICP,PT,Portugal,2022,,8.1,,,,,
dataflow,ESTAT:TEC00118(1.0),HICP - inflation rate,A,Annual,RCH_A_AVG,Annual average rate of change,CP00,All-items HICP,PT,Portugal,2023,,5.3,,,,,
dataflow,ESTAT:TEC00118(1.0),HICP - inflation rate,A,Annual,RCH_A_AVG,Annual average rate of change,CP00,All-items HICP,PT,Portugal,2024,,2.7,,,,,
dataflow,ESTAT:TEC00118(1.0),HICP - inflation rate,A,Annual,RCH_A_AVG,Annual average rate of change,CP00,All-items HICP,RO,Romania,2013,,3.2,,,,,
dataflow,ESTAT:TEC00118(1.0),HICP - inflation rate,A,Annual,RCH_A_AVG,Annual average rate of change,CP00,All-items HICP,RO,Romania,2014,,1.4,,,,,
dataflow,ESTAT:TEC00118(1.0),HICP - inflation rate,A,Annual,RCH_A_AVG,Annual average rate of change,CP00,All-items HICP,RO,Romania,2015,,-0.4,,,,,
dataflow,ESTAT:TEC00118(1.0),HICP - inflation rate,A,Annual,RCH_A_AVG,Annual average rate of change,CP00,All-items HICP,RO,Romania,2016,,-1.1,,,,,
dataflow,ESTAT:TEC00118(1.0),HICP - inflation rate,A,Annual,RCH_A_AVG,Annual average rate of change,CP00,All-items HICP,RO,Romania,2017,,1.1,,,,,
dataflow,ESTAT:TEC00118(1.0),HICP - inflation rate,A,Annual,RCH_A_AVG,Annual average rate of change,CP00,All-items HICP,RO,Romania,2018,,4.1,,,,,
dataflow,ESTAT:TEC00118(1.0),HICP - inflation rate,A,Annual,RCH_A_AVG,Annual average rate of change,CP00,All-items HICP,RO,Romania,2019,,3.9,,,,,
dataflow,ESTAT:TEC00118(1.0),HICP - inflation rate,A,Annual,RCH_A_AVG,Annual average rate of change,CP00,All-items HICP,RO,Romania,2020,,2.3,,,,,
dataflow,ESTAT:TEC00118(1.0),HICP - inflation rate,A,Annual,RCH_A_AVG,Annual average rate of change,CP00,All-items HICP,RO,Romania,2021,,4.1,,,,,
dataflow,ESTAT:TEC00118(1.0),HICP - inflation rate,A,Annual,RCH_A_AVG,Annual average rate of change,CP00,All-items HICP,RO,Romania,2022,,12.0,,,,,
dataflow,ESTAT:TEC00118(1.0),HICP - inflation rate,A,Annual,RCH_A_AVG,Annual average rate of change,CP00,All-items HICP,RO,Romania,2023,,9.7,,,,,
dataflow,ESTAT:TEC00118(1.0),HICP - inflation rate,A,Annual,RCH_A_AVG,Annual average rate of change,CP00,All-items HICP,RO,Romania,2024,,5.8,,,,,
dataflow,ESTAT:TEC00118(1.0),HICP - inflation rate,A,Annual,RCH_A_AVG,Annual average rate of change,CP00,All-items HICP,RS,Serbia,2013,,7.7,,d,definition differs (see metadata),,
dataflow,ESTAT:TEC00118(1.0),HICP - inflation rate,A,Annual,RCH_A_AVG,Annual average rate of change,CP00,All-items HICP,RS,Serbia,2014,,2.3,,d,definition differs (see metadata),,
dataflow,ESTAT:TEC00118(1.0),HICP - inflation rate,A,Annual,RCH_A_AVG,Annual average rate of change,CP00,All-items HICP,RS,Serbia,2015,,1.5,,d,definition differs (see metadata),,
dataflow,ESTAT:TEC00118(1.0),HICP - inflation rate,A,Annual,RCH_A_AVG,Annual average rate of change,CP00,All-items HICP,RS,Serbia,2016,,1.3,,d,definition differs (see metadata),,
dataflow,ESTAT:TEC00118(1.0),HICP - inflation rate,A,Annual,RCH_A_AVG,Annual average rate of change,CP00,All-items HICP,RS,Serbia,2017,,3.3,,d,definition differs (see metadata),,
dataflow,ESTAT:TEC00118(1.0),HICP - inflation rate,A,Annual,RCH_A_AVG,Annual average rate of change,CP00,All-items HICP,RS,Serbia,2018,,2.0,,d,definition differs (see metadata),,
dataflow,ESTAT:TEC00118(1.0),HICP - inflation rate,A,Annual,RCH_A_AVG,Annual average rate of change,CP00,All-items HICP,RS,Serbia,2019,,1.9,,d,definition differs (see metadata),,
dataflow,ESTAT:TEC00118(1.0),HICP - inflation rate,A,Annual,RCH_A_AVG,Annual average rate of change,CP00,All-items HICP,RS,Serbia,2020,,1.8,,d,definition differs (see metadata),,
dataflow,ESTAT:TEC00118(1.0),HICP - inflation rate,A,Annual,RCH_A_AVG,Annual average rate of change,CP00,All-items HICP,RS,Serbia,2021,,4.0,,d,definition differs (see metadata),,
dataflow,ESTAT:TEC00118(1.0),HICP - inflation rate,A,Annual,RCH_A_AVG,Annual average rate of change,CP00,All-items HICP,RS,Serbia,2022,,11.7,,d,definition differs (see metadata),,
dataflow,ESTAT:TEC00118(1.0),HICP - inflation rate,A,Annual,RCH_A_AVG,Annual average rate of change,CP00,All-items HICP,RS,Serbia,2023,,12.1,,d,definition differs (see metadata),,
dataflow,ESTAT:TEC00118(1.0),HICP - inflation rate,A,Annual,RCH_A_AVG,Annual average rate of change,CP00,All-items HICP,RS,Serbia,2024,,4.8,,d,definition differs (see metadata),,
dataflow,ESTAT:TEC00118(1.0),HICP - inflation rate,A,Annual,RCH_A_AVG,Annual average rate of change,CP00,All-items HICP,SE,Sweden,2013,,0.4,,,,,
dataflow,ESTAT:TEC00118(1.0),HICP - inflation rate,A,Annual,RCH_A_AVG,Annual average rate of change,CP00,All-items HICP,SE,Sweden,2014,,0.2,,,,,
dataflow,ESTAT:TEC00118(1.0),HICP - inflation rate,A,Annual,RCH_A_AVG,Annual average rate of change,CP00,All-items HICP,SE,Sweden,2015,,0.7,,,,,
dataflow,ESTAT:TEC00118(1.0),HICP - inflation rate,A,Annual,RCH_A_AVG,Annual average rate of change,CP00,All-items HICP,SE,Sweden,2016,,1.1,,,,,
dataflow,ESTAT:TEC00118(1.0),HICP - inflation rate,A,Annual,RCH_A_AVG,Annual average rate of change,CP00,All-items HICP,SE,Sweden,2017,,1.9,,,,,
dataflow,ESTAT:TEC00118(1.0),HICP - inflation rate,A,Annual,RCH_A_AVG,Annual average rate of change,CP00,All-items HICP,SE,Sweden,2018,,2.0,,,,,
dataflow,ESTAT:TEC00118(1.0),HICP - inflation rate,A,Annual,RCH_A_AVG,Annual average rate of change,CP00,All-items HICP,SE,Sweden,2019,,1.7,,,,,
dataflow,ESTAT:TEC00118(1.0),HICP - inflation rate,A,Annual,RCH_A_AVG,Annual average rate of change,CP00,All-items HICP,SE,Sweden,2020,,0.7,,,,,
dataflow,ESTAT:TEC00118(1.0),HICP - inflation rate,A,Annual,RCH_A_AVG,Annual average rate of change,CP00,All-items HICP,SE,Sweden,2021,,2.7,,,,,
dataflow,ESTAT:TEC00118(1.0),HICP - inflation rate,A,Annual,RCH_A_AVG,Annual average rate of change,CP00,All-items HICP,SE,Sweden,2022,,8.1,,,,,
dataflow,ESTAT:TEC00118(1.0),HICP - inflation rate,A,Annual,RCH_A_AVG,Annual average rate of change,CP00,All-items HICP,SE,Sweden,2023,,5.9,,,,,
dataflow,ESTAT:TEC00118(1.0),HICP - inflation rate,A,Annual,RCH_A_AVG,Annual average rate of change,CP00,All-items HICP,SE,Sweden,2024,,2.0,,,,,
dataflow,ESTAT:TEC00118(1.0),HICP - inflation rate,A,Annual,RCH_A_AVG,Annual average rate of change,CP00,All-items HICP,SI,Slovenia,2013,,1.9,,,,,
dataflow,ESTAT:TEC00118(1.0),HICP - inflation rate,A,Annual,RCH_A_AVG,Annual average rate of change,CP00,All-items HICP,SI,Slovenia,2014,,0.4,,,,,
dataflow,ESTAT:TEC00118(1.0),HICP - inflation rate,A,Annual,RCH_A_AVG,Annual average rate of change,CP00,All-items HICP,SI,Slovenia,2015,,-0.8,,,,,
dataflow,ESTAT:TEC00118(1.0),HICP - inflation rate,A,Annual,RCH_A_AVG,Annual average rate of change,CP00,All-items HICP,SI,Slovenia,2016,,-0.2,,,,,
dataflow,ESTAT:TEC00118(1.0),HICP - inflation rate,A,Annual,RCH_A_AVG,Annual average rate of change,CP00,All-items HICP,SI,Slovenia,2017,,1.6,,,,,
dataflow,ESTAT:TEC00118(1.0),HICP - inflation rate,A,Annual,RCH_A_AVG,Annual average rate of change,CP00,All-items HICP,SI,Slovenia,2018,,1.9,,,,,
dataflow,ESTAT:TEC00118(1.0),HICP - inflation rate,A,Annual,RCH_A_AVG,Annual average rate of change,CP00,All-items HICP,SI,Slovenia,2019,,1.7,,,,,
dataflow,ESTAT:TEC00118(1.0),HICP - inflation rate,A,Annual,RCH_A_AVG,Annual average rate of change,CP00,All-items HICP,SI,Slovenia,2020,,-0.3,,,,,
dataflow,ESTAT:TEC00118(1.0),HICP - inflation rate,A,Annual,RCH_A_AVG,Annual average rate of change,CP00,All-items HICP,SI,Slovenia,2021,,2.0,,,,,
dataflow,ESTAT:TEC00118(1.0),HICP - inflation rate,A,Annual,RCH_A_AVG,Annual average rate of change,CP00,All-items HICP,SI,Slovenia,2022,,9.3,,,,,
dataflow,ESTAT:TEC00118(1.0),HICP - inflation rate,A,Annual,RCH_A_AVG,Annual average rate of change,CP00,All-items HICP,SI,Slovenia,2023,,7.2,,,,,
dataflow,ESTAT:TEC00118(1.0),HICP - inflation rate,A,Annual,RCH_A_AVG,Annual average rate of change,CP00,All-items HICP,SI,Slovenia,2024,,2.0,,,,,
dataflow,ESTAT:TEC00118(1.0),HICP - inflation rate,A,Annual,RCH_A_AVG,Annual average rate of change,CP00,All-items HICP,SK,Slovakia,2013,,1.5,,,,,
dataflow,ESTAT:TEC00118(1.0),HICP - inflation rate,A,Annual,RCH_A_AVG,Annual average rate of change,CP00,All-items HICP,SK,Slovakia,2014,,-0.1,,,,,
dataflow,ESTAT:TEC00118(1.0),HICP - inflation rate,A,Annual,RCH_A_AVG,Annual average rate of change,CP00,All-items HICP,SK,Slovakia,2015,,-0.3,,,,,
dataflow,ESTAT:TEC00118(1.0),HICP - inflation rate,A,Annual,RCH_A_AVG,Annual average rate of change,CP00,All-items HICP,SK,Slovakia,2016,,-0.5,,,,,
dataflow,ESTAT:TEC00118(1.0),HICP - inflation rate,A,Annual,RCH_A_AVG,Annual average rate of change,CP00,All-items HICP,SK,Slovakia,2017,,1.4,,,,,
dataflow,ESTAT:TEC00118(1.0),HICP - inflation rate,A,Annual,RCH_A_AVG,Annual average rate of change,CP00,All-items HICP,SK,Slovakia,2018,,2.5,,,,,
dataflow,ESTAT:TEC00118(1.0),HICP - inflation rate,A,Annual,RCH_A_AVG,Annual average rate of change,CP00,All-items HICP,SK,Slovakia,2019,,2.8,,,,,
dataflow,ESTAT:TEC00118(1.0),HICP - inflation rate,A,Annual,RCH_A_AVG,Annual average rate of change,CP00,All-items HICP,SK,Slovakia,2020,,2.0,,,,,
dataflow,ESTAT:TEC00118(1.0),HICP - inflation rate,A,Annual,RCH_A_AVG,Annual average rate of change,CP00,All-items HICP,SK,Slovakia,2021,,2.8,,,,,
dataflow,ESTAT:TEC00118(1.0),HICP - inflation rate,A,Annual,RCH_A_AVG,Annual average rate of change,CP00,All-items HICP,SK,Slovakia,2022,,12.1,,,,,
dataflow,ESTAT:TEC00118(1.0),HICP - inflation rate,A,Annual,RCH_A_AVG,Annual average rate of change,CP00,All-items HICP,SK,Slovakia,2023,,11.0,,,,,
dataflow,ESTAT:TEC00118(1.0),HICP - inflation rate,A,Annual,RCH_A_AVG,Annual average rate of change,CP00,All-items HICP,SK,Slovakia,2024,,3.2,,,,,
dataflow,ESTAT:TEC00118(1.0),HICP - inflation rate,A,Annual,RCH_A_AVG,Annual average rate of change,CP00,All-items HICP,TR,Türkiye,2013,,7.5,,d,definition differs (see metadata),,
dataflow,ESTAT:TEC00118(1.0),HICP - inflation rate,A,Annual,RCH_A_AVG,Annual average rate of change,CP00,All-items HICP,TR,Türkiye,2014,,8.9,,d,definition differs (see metadata),,
dataflow,ESTAT:TEC00118(1.0),HICP - inflation rate,A,Annual,RCH_A_AVG,Annual average rate of change,CP00,All-items HICP,TR,Türkiye,2015,,7.7,,d,definition differs (see metadata),,
dataflow,ESTAT:TEC00118(1.0),HICP - inflation rate,A,Annual,RCH_A_AVG,Annual average rate of change,CP00,All-items HICP,TR,Türkiye,2016,,7.7,,d,definition differs (see metadata),,
dataflow,ESTAT:TEC00118(1.0),HICP - inflation rate,A,Annual,RCH_A_AVG,Annual average rate of change,CP00,All-items HICP,TR,Türkiye,2017,,11.1,,d,definition differs (see metadata),,
dataflow,ESTAT:TEC00118(1.0),HICP - inflation rate,A,Annual,RCH_A_AVG,Annual average rate of change,CP00,All-items HICP,TR,Türkiye,2018,,16.3,,d,definition differs (see metadata),,
dataflow,ESTAT:TEC00118(1.0),HICP - inflation rate,A,Annual,RCH_A_AVG,Annual average rate of change,CP00,All-items HICP,TR,Türkiye,2019,,15.2,,d,definition differs (see metadata),,
dataflow,ESTAT:TEC00118(1.0),HICP - inflation rate,A,Annual,RCH_A_AVG,Annual average rate of change,CP00,All-items HICP,TR,Türkiye,2020,,12.3,,d,definition differs (see metadata),,
dataflow,ESTAT:TEC00118(1.0),HICP - inflation rate,A,Annual,RCH_A_AVG,Annual average rate of change,CP00,All-items HICP,TR,Türkiye,2021,,19.6,,d,definition differs (see metadata),,
dataflow,ESTAT:TEC00118(1.0),HICP - inflation rate,A,Annual,RCH_A_AVG,Annual average rate of change,CP00,All-items HICP,TR,Türkiye,2022,,72.3,,d,definition differs (see metadata),,
dataflow,ESTAT:TEC00118(1.0),HICP - inflation rate,A,Annual,RCH_A_AVG,Annual average rate of change,CP00,All-items HICP,TR,Türkiye,2023,,54.0,,d,definition differs (see metadata),,
dataflow,ESTAT:TEC00118(1.0),HICP - inflation rate,A,Annual,RCH_A_AVG,Annual average rate of change,CP00,All-items HICP,TR,Türkiye,2024,,58.5,,d,definition differs (see metadata),,
dataflow,ESTAT:TEC00118(1.0),HICP - inflation rate,A,Annual,RCH_A_AVG,Annual average rate of change,CP00,All-items HICP,UK,United Kingdom,2013,,2.6,,,,,
dataflow,ESTAT:TEC00118(1.0),HICP - inflation rate,A,Annual,RCH_A_AVG,Annual average rate of change,CP00,All-items HICP,UK,United Kingdom,2014,,1.5,,,,,
dataflow,ESTAT:TEC00118(1.0),HICP - inflation rate,A,Annual,RCH_A_AVG,Annual average rate of change,CP00,All-items HICP,UK,United Kingdom,2015,,0.0,,,,,
dataflow,ESTAT:TEC00118(1.0),HICP - inflation rate,A,Annual,RCH_A_AVG,Annual average rate of change,CP00,All-items HICP,UK,United Kingdom,2016,,0.7,,,,,
dataflow,ESTAT:TEC00118(1.0),HICP - inflation rate,A,Annual,RCH_A_AVG,Annual average rate of change,CP00,All-items HICP,UK,United Kingdom,2017,,2.7,,,,,
dataflow,ESTAT:TEC00118(1.0),HICP - inflation rate,A,Annual,RCH_A_AVG,Annual average rate of change,CP00,All-items HICP,UK,United Kingdom,2018,,2.5,,,,,
dataflow,ESTAT:TEC00118(1.0),HICP - inflation rate,A,Annual,RCH_A_AVG,Annual average rate of change,CP00,All-items HICP,UK,United Kingdom,2019,,1.8,,,,,
dataflow,ESTAT:TEC00118(1.0),HICP - inflation rate,A,Annual,RCH_A_AVG,Annual average rate of change,CP00,All-items HICP,US,United States,2013,,1.2,,d,definition differs (see metadata),,
dataflow,ESTAT:TEC00118(1.0),HICP - inflation rate,A,Annual,RCH_A_AVG,Annual average rate of change,CP00,All-items HICP,US,United States,2014,,1.3,,d,definition differs (see metadata),,
dataflow,ESTAT:TEC00118(1.0),HICP - inflation rate,A,Annual,RCH_A_AVG,Annual average rate of change,CP00,All-items HICP,US,United States,2015,,-0.8,,d,definition differs (see metadata),,
dataflow,ESTAT:TEC00118(1.0),HICP - inflation rate,A,Annual,RCH_A_AVG,Annual average rate of change,CP00,All-items HICP,US,United States,2016,,0.6,,d,definition differs (see metadata),,
dataflow,ESTAT:TEC00118(1.0),HICP - inflation rate,A,Annual,RCH_A_AVG,Annual average rate of change,CP00,All-items HICP,US,United States,2017,,1.8,,d,definition differs (see metadata),,
dataflow,ESTAT:TEC00118(1.0),HICP - inflation rate,A,Annual,RCH_A_AVG,Annual average rate of change,CP00,All-items HICP,US,United States,2018,,2.2,,d,definition differs (see metadata),,
dataflow,ESTAT:TEC00118(1.0),HICP - inflation rate,A,Annual,RCH_A_AVG,Annual average rate of change,CP00,All-items HICP,US,United States,2019,,1.4,,d,definition differs (see metadata),,
dataflow,ESTAT:TEC00118(1.0),HICP - inflation rate,A,Annual,RCH_A_AVG,Annual average rate of change,CP00,All-items HICP,US,United States,2020,,0.8,,d,definition differs (see metadata),,
dataflow,ESTAT:TEC00118(1.0),HICP - inflation rate,A,Annual,RCH_A_AVG,Annual average rate of change,CP00,All-items HICP,US,United States,2021,,5.3,,d,definition differs (see metadata),,
dataflow,ESTAT:TEC00118(1.0),HICP - inflation rate,A,Annual,RCH_A_AVG,Annual average rate of change,CP00,All-items HICP,US,United States,2022,,8.7,,d,definition differs (see metadata),,
dataflow,ESTAT:TEC00118(1.0),HICP - inflation rate,A,Annual,RCH_A_AVG,Annual average rate of change,CP00,All-items HICP,US,United States,2023,,3.0,,d,definition differs (see metadata),,
dataflow,ESTAT:TEC00118(1.0),HICP - inflation rate,A,Annual,RCH_A_AVG,Annual average rate of change,CP00,All-items HICP,US,United States,2024,,2.0,,d,definition differs (see metadata),,
dataflow,ESTAT:TEC00118(1.0),HICP - inflation rate,A,Annual,RCH_A_AVG,Annual average rate of change,CP00,All-items HICP,XK,Kosovo*,2017,,1.5,,d,definition differs (see metadata),,
dataflow,ESTAT:TEC00118(1.0),HICP - inflation rate,A,Annual,RCH_A_AVG,Annual average rate of change,CP00,All-items HICP,XK,Kosovo*,2018,,1.1,,d,definition differs (see metadata),,
dataflow,ESTAT:TEC00118(1.0),HICP - inflation rate,A,Annual,RCH_A_AVG,Annual average rate of change,CP00,All-items HICP,XK,Kosovo*,2019,,2.7,,d,definition differs (see metadata),,
dataflow,ESTAT:TEC00118(1.0),HICP - inflation rate,A,Annual,RCH_A_AVG,Annual average rate of change,CP00,All-items HICP,XK,Kosovo*,2020,,0.2,,d,definition differs (see metadata),,
dataflow,ESTAT:TEC00118(1.0),HICP - inflation rate,A,Annual,RCH_A_AVG,Annual average rate of change,CP00,All-items HICP,XK,Kosovo*,2021,,3.4,,d,definition differs (see metadata),,
dataflow,ESTAT:TEC00118(1.0),HICP - inflation rate,A,Annual,RCH_A_AVG,Annual average rate of change,CP00,All-items HICP,XK,Kosovo*,2022,,11.6,,d,definition differs (see metadata),,
dataflow,ESTAT:TEC00118(1.0),HICP - inflation rate,A,Annual,RCH_A_AVG,Annual average rate of change,CP00,All-items HICP,XK,Kosovo*,2023,,4.9,,d,definition differs (see metadata),,
dataflow,ESTAT:TEC00118(1.0),HICP - inflation rate,A,Annual,RCH_A_AVG,Annual average rate of change,CP00,All-items HICP,XK,Kosovo*,2024,,1.6,,d,definition differs (see metadata),,
